[
  {
    "title": "Tahiti – Regina Pacificului",
    "nights": 8,
    "date": "21.05",
    "price": 3149,
    "link": "https://www.jinfotours.ro/circuite/detalii/tahiti"
  },
  {
    "title": "Tahiti – Regina Pacificului",
    "nights": 8,
    "date": "02.08",
    "price": 3149,
    "link": "https://www.jinfotours.ro/circuite/detalii/tahiti"
  },
  {
    "title": "Tahiti – Regina Pacificului",
    "nights": 8,
    "date": "05.09",
    "price": 3149,
    "link": "https://www.jinfotours.ro/circuite/detalii/tahiti"
  },
  {
    "title": "PAPUA NOUA GUINEE – Aventură în lumea triburilor",
    "nights": 8,
    "date": "31.03",
    "price": 7810,
    "link": "https://www.jinfotours.ro/circuite/detalii/papua-noua-guinee"
  },
  {
    "title": "PAPUA NOUA GUINEE – Aventură în lumea triburilor",
    "nights": 8,
    "date": "16.04",
    "price": 7810,
    "link": "https://www.jinfotours.ro/circuite/detalii/papua-noua-guinee"
  },
  {
    "title": "PAPUA NOUA GUINEE – Aventură în lumea triburilor",
    "nights": 8,
    "date": "15.05",
    "price": 7810,
    "link": "https://www.jinfotours.ro/circuite/detalii/papua-noua-guinee"
  },
  {
    "title": "PAPUA NOUA GUINEE – Aventură în lumea triburilor",
    "nights": 8,
    "date": "02.09",
    "price": 7810,
    "link": "https://www.jinfotours.ro/circuite/detalii/papua-noua-guinee"
  },
  {
    "title": "PAPUA NOUA GUINEE – Aventură în lumea triburilor",
    "nights": 8,
    "date": "01.10",
    "price": 7810,
    "link": "https://www.jinfotours.ro/circuite/detalii/papua-noua-guinee"
  },
  {
    "title": "PAPUA NOUA GUINEE – Aventură în lumea triburilor",
    "nights": 8,
    "date": "01.11",
    "price": 7810,
    "link": "https://www.jinfotours.ro/circuite/detalii/papua-noua-guinee"
  },
  {
    "title": "Australia - Tasmania - Noua Zeelandă - Singapore - Fiji (opțional)",
    "nights": 20,
    "date": "20.02",
    "price": 6950,
    "link": "https://www.jinfotours.ro/circuite/detalii/australia"
  },
  {
    "title": "Australia - Tasmania - Noua Zeelandă - Singapore - Fiji (opțional)",
    "nights": 20,
    "date": "20.04",
    "price": 6950,
    "link": "https://www.jinfotours.ro/circuite/detalii/australia"
  },
  {
    "title": "Australia - Tasmania - Noua Zeelandă - Singapore - Fiji (opțional)",
    "nights": 20,
    "date": "20.05",
    "price": 6950,
    "link": "https://www.jinfotours.ro/circuite/detalii/australia"
  },
  {
    "title": "Australia - Tasmania - Noua Zeelandă - Singapore - Fiji (opțional)",
    "nights": 20,
    "date": "02.08",
    "price": 6950,
    "link": "https://www.jinfotours.ro/circuite/detalii/australia"
  },
  {
    "title": "Australia - Tasmania - Noua Zeelandă - Singapore - Fiji (opțional)",
    "nights": 20,
    "date": "05.09",
    "price": 6950,
    "link": "https://www.jinfotours.ro/circuite/detalii/australia"
  },
  {
    "title": "Australia - Tasmania - Noua Zeelandă - Singapore - Fiji (opțional)",
    "nights": 20,
    "date": "20.10",
    "price": 6950,
    "link": "https://www.jinfotours.ro/circuite/detalii/australia"
  },
  {
    "title": "Australia - Tasmania - Noua Zeelandă - Singapore - Fiji (opțional)",
    "nights": 20,
    "date": "20.12",
    "price": 6950,
    "link": "https://www.jinfotours.ro/circuite/detalii/australia"
  },
  {
    "title": "Aloha Hawaii",
    "nights": 7,
    "date": "31.03",
    "price": 1939,
    "link": "https://www.jinfotours.ro/circuite/detalii/aloha-hawaii"
  },
  {
    "title": "Aloha Hawaii",
    "nights": 7,
    "date": "16.04",
    "price": 1939,
    "link": "https://www.jinfotours.ro/circuite/detalii/aloha-hawaii"
  },
  {
    "title": "Aloha Hawaii",
    "nights": 7,
    "date": "07.05",
    "price": 1939,
    "link": "https://www.jinfotours.ro/circuite/detalii/aloha-hawaii"
  },
  {
    "title": "Aloha Hawaii",
    "nights": 7,
    "date": "20.05",
    "price": 1939,
    "link": "https://www.jinfotours.ro/circuite/detalii/aloha-hawaii"
  },
  {
    "title": "Aloha Hawaii",
    "nights": 7,
    "date": "05.07",
    "price": 1939,
    "link": "https://www.jinfotours.ro/circuite/detalii/aloha-hawaii"
  },
  {
    "title": "Aloha Hawaii",
    "nights": 7,
    "date": "17.08",
    "price": 1939,
    "link": "https://www.jinfotours.ro/circuite/detalii/aloha-hawaii"
  },
  {
    "title": "Aloha Hawaii",
    "nights": 7,
    "date": "01.09",
    "price": 1939,
    "link": "https://www.jinfotours.ro/circuite/detalii/aloha-hawaii"
  },
  {
    "title": "Aloha Hawaii",
    "nights": 7,
    "date": "15.10",
    "price": 1939,
    "link": "https://www.jinfotours.ro/circuite/detalii/aloha-hawaii"
  },
  {
    "title": "Țările Baltice & St Petersburg",
    "nights": 8,
    "date": "30.04",
    "price": 1375,
    "link": "https://www.jinfotours.ro/circuite/detalii/tarilebalticepetersbourg"
  },
  {
    "title": "Țările Baltice & St Petersburg",
    "nights": 8,
    "date": "26.05",
    "price": 1375,
    "link": "https://www.jinfotours.ro/circuite/detalii/tarilebalticepetersbourg"
  },
  {
    "title": "Țările Baltice & St Petersburg",
    "nights": 8,
    "date": "16.06",
    "price": 1375,
    "link": "https://www.jinfotours.ro/circuite/detalii/tarilebalticepetersbourg"
  },
  {
    "title": "Țările Baltice & St Petersburg",
    "nights": 8,
    "date": "28.07",
    "price": 1375,
    "link": "https://www.jinfotours.ro/circuite/detalii/tarilebalticepetersbourg"
  },
  {
    "title": "Țările Baltice & St Petersburg",
    "nights": 8,
    "date": "01.10",
    "price": 1375,
    "link": "https://www.jinfotours.ro/circuite/detalii/tarilebalticepetersbourg"
  },
  {
    "title": "Spania - Maroc",
    "nights": 10,
    "date": "29.04",
    "price": 1260,
    "link": "https://www.jinfotours.ro/circuite/detalii/spaniamaroc"
  },
  {
    "title": "Spania - Maroc",
    "nights": 10,
    "date": "15.06",
    "price": 1260,
    "link": "https://www.jinfotours.ro/circuite/detalii/spaniamaroc"
  },
  {
    "title": "Spania - Maroc",
    "nights": 10,
    "date": "01.09",
    "price": 1260,
    "link": "https://www.jinfotours.ro/circuite/detalii/spaniamaroc"
  },
  {
    "title": "Spania - Maroc",
    "nights": 10,
    "date": "20.10",
    "price": 1260,
    "link": "https://www.jinfotours.ro/circuite/detalii/spaniamaroc"
  },
  {
    "title": "SICILIA – SARDINIA – CORSICA",
    "nights": 8,
    "date": "30.05",
    "price": 1195,
    "link": "https://www.jinfotours.ro/circuite/detalii/siciliasardiniacorsica"
  },
  {
    "title": "SICILIA – SARDINIA – CORSICA",
    "nights": 8,
    "date": "30.06",
    "price": 1195,
    "link": "https://www.jinfotours.ro/circuite/detalii/siciliasardiniacorsica"
  },
  {
    "title": "SICILIA – SARDINIA – CORSICA",
    "nights": 8,
    "date": "01.09",
    "price": 1195,
    "link": "https://www.jinfotours.ro/circuite/detalii/siciliasardiniacorsica"
  },
  {
    "title": "SICILIA – SARDINIA – CORSICA",
    "nights": 8,
    "date": "01.10",
    "price": 1195,
    "link": "https://www.jinfotours.ro/circuite/detalii/siciliasardiniacorsica"
  },
  {
    "title": "Scoția și Loch Ness",
    "nights": 5,
    "date": "16.02",
    "price": 1350,
    "link": "https://www.jinfotours.ro/circuite/detalii/scotia-edinburg-loch-ness"
  },
  {
    "title": "Scoția și Loch Ness",
    "nights": 5,
    "date": "27.04",
    "price": 1350,
    "link": "https://www.jinfotours.ro/circuite/detalii/scotia-edinburg-loch-ness"
  },
  {
    "title": "Scoția și Loch Ness",
    "nights": 5,
    "date": "24.06",
    "price": 1350,
    "link": "https://www.jinfotours.ro/circuite/detalii/scotia-edinburg-loch-ness"
  },
  {
    "title": "Scoția și Loch Ness",
    "nights": 5,
    "date": "01.10",
    "price": 1350,
    "link": "https://www.jinfotours.ro/circuite/detalii/scotia-edinburg-loch-ness"
  },
  {
    "title": "Rusia – Nopțile Albe",
    "nights": 6,
    "date": "25.05",
    "price": 929,
    "link": "https://www.jinfotours.ro/circuite/detalii/rusianoptialbe"
  },
  {
    "title": "Rusia – Nopțile Albe",
    "nights": 6,
    "date": "16.06",
    "price": 929,
    "link": "https://www.jinfotours.ro/circuite/detalii/rusianoptialbe"
  },
  {
    "title": "Rusia – Nopțile Albe",
    "nights": 6,
    "date": "28.07",
    "price": 929,
    "link": "https://www.jinfotours.ro/circuite/detalii/rusianoptialbe"
  },
  {
    "title": "PUGLIA – Micul secret al Italiei",
    "nights": 5,
    "date": "26.04",
    "price": 810,
    "link": "https://www.jinfotours.ro/circuite/detalii/circuit-puglia"
  },
  {
    "title": "PUGLIA – Micul secret al Italiei",
    "nights": 5,
    "date": "18.05",
    "price": 810,
    "link": "https://www.jinfotours.ro/circuite/detalii/circuit-puglia"
  },
  {
    "title": "PUGLIA – Micul secret al Italiei",
    "nights": 5,
    "date": "04.09",
    "price": 810,
    "link": "https://www.jinfotours.ro/circuite/detalii/circuit-puglia"
  },
  {
    "title": "PUGLIA – Micul secret al Italiei",
    "nights": 5,
    "date": "11.10",
    "price": 810,
    "link": "https://www.jinfotours.ro/circuite/detalii/circuit-puglia"
  },
  {
    "title": "PORTUGALIA",
    "nights": 5,
    "date": "28.04",
    "price": 1390,
    "link": "https://www.jinfotours.ro/circuite/detalii/portugalialisabona"
  },
  {
    "title": "PORTUGALIA",
    "nights": 5,
    "date": "05.07",
    "price": 1390,
    "link": "https://www.jinfotours.ro/circuite/detalii/portugalialisabona"
  },
  {
    "title": "PORTUGALIA",
    "nights": 5,
    "date": "09.08",
    "price": 1390,
    "link": "https://www.jinfotours.ro/circuite/detalii/portugalialisabona"
  },
  {
    "title": "PORTUGALIA",
    "nights": 5,
    "date": "06.09",
    "price": 1390,
    "link": "https://www.jinfotours.ro/circuite/detalii/portugalialisabona"
  },
  {
    "title": "PORTUGALIA",
    "nights": 5,
    "date": "04.10",
    "price": 1390,
    "link": "https://www.jinfotours.ro/circuite/detalii/portugalialisabona"
  },
  {
    "title": "Portugalia - Maroc",
    "nights": 12,
    "date": "28.04",
    "price": 1945,
    "link": "https://www.jinfotours.ro/circuite/detalii/portugaliamaroc"
  },
  {
    "title": "Portugalia - Maroc",
    "nights": 12,
    "date": "15.06",
    "price": 1945,
    "link": "https://www.jinfotours.ro/circuite/detalii/portugaliamaroc"
  },
  {
    "title": "Portugalia - Maroc",
    "nights": 12,
    "date": "03.08",
    "price": 1945,
    "link": "https://www.jinfotours.ro/circuite/detalii/portugaliamaroc"
  },
  {
    "title": "Portugalia - Maroc",
    "nights": 12,
    "date": "01.09",
    "price": 1945,
    "link": "https://www.jinfotours.ro/circuite/detalii/portugaliamaroc"
  },
  {
    "title": "Portugalia - Maroc",
    "nights": 12,
    "date": "01.10",
    "price": 1945,
    "link": "https://www.jinfotours.ro/circuite/detalii/portugaliamaroc"
  },
  {
    "title": "PARIS - LONDRA",
    "nights": 6,
    "date": "27.04",
    "price": 1265,
    "link": "https://www.jinfotours.ro/circuite/detalii/parislondra"
  },
  {
    "title": "PARIS - LONDRA",
    "nights": 6,
    "date": "21.06",
    "price": 1265,
    "link": "https://www.jinfotours.ro/circuite/detalii/parislondra"
  },
  {
    "title": "PARIS - LONDRA",
    "nights": 6,
    "date": "01.08",
    "price": 1265,
    "link": "https://www.jinfotours.ro/circuite/detalii/parislondra"
  },
  {
    "title": "PARIS - LONDRA",
    "nights": 6,
    "date": "01.09",
    "price": 1265,
    "link": "https://www.jinfotours.ro/circuite/detalii/parislondra"
  },
  {
    "title": "MALTA – Insula cavalerilor",
    "nights": 7,
    "date": "02.04",
    "price": 775,
    "link": "https://www.jinfotours.ro/circuite/detalii/seniori-malta"
  },
  {
    "title": "MALTA – Insula cavalerilor",
    "nights": 7,
    "date": "30.04",
    "price": 775,
    "link": "https://www.jinfotours.ro/circuite/detalii/seniori-malta"
  },
  {
    "title": "MALTA – Insula cavalerilor",
    "nights": 7,
    "date": "07.05",
    "price": 775,
    "link": "https://www.jinfotours.ro/circuite/detalii/seniori-malta"
  },
  {
    "title": "MALTA – Insula cavalerilor",
    "nights": 7,
    "date": "03.06",
    "price": 775,
    "link": "https://www.jinfotours.ro/circuite/detalii/seniori-malta"
  },
  {
    "title": "MALTA – Insula cavalerilor",
    "nights": 7,
    "date": "07.09",
    "price": 775,
    "link": "https://www.jinfotours.ro/circuite/detalii/seniori-malta"
  },
  {
    "title": "MALTA – Insula cavalerilor",
    "nights": 7,
    "date": "08.10",
    "price": 775,
    "link": "https://www.jinfotours.ro/circuite/detalii/seniori-malta"
  },
  {
    "title": "Madeira – Insula eternei primăveri",
    "nights": 5,
    "date": "27.04",
    "price": 980,
    "link": "https://www.jinfotours.ro/circuite/detalii/madeira-vacanta"
  },
  {
    "title": "Madeira – Insula eternei primăveri",
    "nights": 5,
    "date": "18.05",
    "price": 980,
    "link": "https://www.jinfotours.ro/circuite/detalii/madeira-vacanta"
  },
  {
    "title": "Madeira – Insula eternei primăveri",
    "nights": 5,
    "date": "22.06",
    "price": 980,
    "link": "https://www.jinfotours.ro/circuite/detalii/madeira-vacanta"
  },
  {
    "title": "Madeira – Insula eternei primăveri",
    "nights": 5,
    "date": "20.07",
    "price": 980,
    "link": "https://www.jinfotours.ro/circuite/detalii/madeira-vacanta"
  },
  {
    "title": "Madeira – Insula eternei primăveri",
    "nights": 5,
    "date": "03.08",
    "price": 980,
    "link": "https://www.jinfotours.ro/circuite/detalii/madeira-vacanta"
  },
  {
    "title": "Madeira – Insula eternei primăveri",
    "nights": 5,
    "date": "01.09",
    "price": 980,
    "link": "https://www.jinfotours.ro/circuite/detalii/madeira-vacanta"
  },
  {
    "title": "Madeira – Insula eternei primăveri",
    "nights": 5,
    "date": "05.10",
    "price": 980,
    "link": "https://www.jinfotours.ro/circuite/detalii/madeira-vacanta"
  },
  {
    "title": "LISABONA si Insulele Azore",
    "nights": 8,
    "date": "20.05",
    "price": 1550,
    "link": "https://www.jinfotours.ro/circuite/detalii/lisabona-insulele-azore"
  },
  {
    "title": "LISABONA si Insulele Azore",
    "nights": 8,
    "date": "10.07",
    "price": 1550,
    "link": "https://www.jinfotours.ro/circuite/detalii/lisabona-insulele-azore"
  },
  {
    "title": "LISABONA si Insulele Azore",
    "nights": 8,
    "date": "15.08",
    "price": 1550,
    "link": "https://www.jinfotours.ro/circuite/detalii/lisabona-insulele-azore"
  },
  {
    "title": "LISABONA si Insulele Azore",
    "nights": 8,
    "date": "09.09",
    "price": 1550,
    "link": "https://www.jinfotours.ro/circuite/detalii/lisabona-insulele-azore"
  },
  {
    "title": "LACURILE ALPINE",
    "nights": 5,
    "date": "22.04",
    "price": 750,
    "link": "https://www.jinfotours.ro/circuite/detalii/lacurile-alpine-ale-italiei"
  },
  {
    "title": "LACURILE ALPINE",
    "nights": 5,
    "date": "23.06",
    "price": 750,
    "link": "https://www.jinfotours.ro/circuite/detalii/lacurile-alpine-ale-italiei"
  },
  {
    "title": "LACURILE ALPINE",
    "nights": 5,
    "date": "20.07",
    "price": 750,
    "link": "https://www.jinfotours.ro/circuite/detalii/lacurile-alpine-ale-italiei"
  },
  {
    "title": "LACURILE ALPINE",
    "nights": 5,
    "date": "23.08",
    "price": 750,
    "link": "https://www.jinfotours.ro/circuite/detalii/lacurile-alpine-ale-italiei"
  },
  {
    "title": "LACURILE ALPINE",
    "nights": 5,
    "date": "14.09",
    "price": 750,
    "link": "https://www.jinfotours.ro/circuite/detalii/lacurile-alpine-ale-italiei"
  },
  {
    "title": "LACURILE ALPINE",
    "nights": 5,
    "date": "09.10",
    "price": 750,
    "link": "https://www.jinfotours.ro/circuite/detalii/lacurile-alpine-ale-italiei"
  },
  {
    "title": "Istanbul și Cappadocia",
    "nights": 6,
    "date": "30.04",
    "price": 895,
    "link": "https://www.jinfotours.ro/circuite/detalii/istanbul-cappadocia"
  },
  {
    "title": "Istanbul și Cappadocia",
    "nights": 6,
    "date": "01.06",
    "price": 895,
    "link": "https://www.jinfotours.ro/circuite/detalii/istanbul-cappadocia"
  },
  {
    "title": "Istanbul și Cappadocia",
    "nights": 6,
    "date": "24.08",
    "price": 895,
    "link": "https://www.jinfotours.ro/circuite/detalii/istanbul-cappadocia"
  },
  {
    "title": "Istanbul și Cappadocia",
    "nights": 6,
    "date": "07.09",
    "price": 895,
    "link": "https://www.jinfotours.ro/circuite/detalii/istanbul-cappadocia"
  },
  {
    "title": "Istanbul și Cappadocia",
    "nights": 6,
    "date": "05.10",
    "price": 895,
    "link": "https://www.jinfotours.ro/circuite/detalii/istanbul-cappadocia"
  },
  {
    "title": "Islanda - Ţinutul focului şi al gheţurilor",
    "nights": 6,
    "date": "19.05",
    "price": 1950,
    "link": "https://www.jinfotours.ro/circuite/detalii/islanda"
  },
  {
    "title": "Islanda - Ţinutul focului şi al gheţurilor",
    "nights": 6,
    "date": "18.06",
    "price": 1950,
    "link": "https://www.jinfotours.ro/circuite/detalii/islanda"
  },
  {
    "title": "Islanda - Ţinutul focului şi al gheţurilor",
    "nights": 6,
    "date": "02.07",
    "price": 1950,
    "link": "https://www.jinfotours.ro/circuite/detalii/islanda"
  },
  {
    "title": "Islanda - Ţinutul focului şi al gheţurilor",
    "nights": 6,
    "date": "10.08",
    "price": 1950,
    "link": "https://www.jinfotours.ro/circuite/detalii/islanda"
  },
  {
    "title": "Islanda - Ţinutul focului şi al gheţurilor",
    "nights": 6,
    "date": "28.11",
    "price": 1950,
    "link": "https://www.jinfotours.ro/circuite/detalii/islanda"
  },
  {
    "title": "Irlanda Mistică",
    "nights": 7,
    "date": "19.05",
    "price": 999,
    "link": "https://www.jinfotours.ro/circuite/detalii/irlandamistica"
  },
  {
    "title": "Irlanda Mistică",
    "nights": 7,
    "date": "01.07",
    "price": 999,
    "link": "https://www.jinfotours.ro/circuite/detalii/irlandamistica"
  },
  {
    "title": "Irlanda Mistică",
    "nights": 7,
    "date": "01.08",
    "price": 999,
    "link": "https://www.jinfotours.ro/circuite/detalii/irlandamistica"
  },
  {
    "title": "Irlanda Mistică",
    "nights": 7,
    "date": "01.09",
    "price": 999,
    "link": "https://www.jinfotours.ro/circuite/detalii/irlandamistica"
  },
  {
    "title": "Irlanda Mistică",
    "nights": 7,
    "date": "28.11",
    "price": 999,
    "link": "https://www.jinfotours.ro/circuite/detalii/irlandamistica"
  },
  {
    "title": "INCURSIUNE ÎN ȚARA BASCILOR",
    "nights": 6,
    "date": "30.04",
    "price": 1390,
    "link": "https://www.jinfotours.ro/circuite/detalii/tarabascilor"
  },
  {
    "title": "INCURSIUNE ÎN ȚARA BASCILOR",
    "nights": 6,
    "date": "20.07",
    "price": 1390,
    "link": "https://www.jinfotours.ro/circuite/detalii/tarabascilor"
  },
  {
    "title": "INCURSIUNE ÎN ȚARA BASCILOR",
    "nights": 6,
    "date": "20.08",
    "price": 1390,
    "link": "https://www.jinfotours.ro/circuite/detalii/tarabascilor"
  },
  {
    "title": "INCURSIUNE ÎN ȚARA BASCILOR",
    "nights": 6,
    "date": "19.10",
    "price": 1390,
    "link": "https://www.jinfotours.ro/circuite/detalii/tarabascilor"
  },
  {
    "title": "Incursiune in Paris: Valea Loarei si Disneyland",
    "nights": 5,
    "date": "27.04",
    "price": 750,
    "link": "https://www.jinfotours.ro/circuite/detalii/incursiuneinparis"
  },
  {
    "title": "Incursiune in Paris: Valea Loarei si Disneyland",
    "nights": 5,
    "date": "01.06",
    "price": 750,
    "link": "https://www.jinfotours.ro/circuite/detalii/incursiuneinparis"
  },
  {
    "title": "Incursiune in Paris: Valea Loarei si Disneyland",
    "nights": 5,
    "date": "17.07",
    "price": 750,
    "link": "https://www.jinfotours.ro/circuite/detalii/incursiuneinparis"
  },
  {
    "title": "Incursiune in Paris: Valea Loarei si Disneyland",
    "nights": 5,
    "date": "31.07",
    "price": 750,
    "link": "https://www.jinfotours.ro/circuite/detalii/incursiuneinparis"
  },
  {
    "title": "Incursiune in Paris: Valea Loarei si Disneyland",
    "nights": 5,
    "date": "01.09",
    "price": 750,
    "link": "https://www.jinfotours.ro/circuite/detalii/incursiuneinparis"
  },
  {
    "title": "Helsinki şi Stockholm",
    "nights": 7,
    "date": "28.04",
    "price": 1270,
    "link": "https://www.jinfotours.ro/circuite/detalii/seniorihelsinkistockholm"
  },
  {
    "title": "Helsinki şi Stockholm",
    "nights": 7,
    "date": "10.07",
    "price": 1270,
    "link": "https://www.jinfotours.ro/circuite/detalii/seniorihelsinkistockholm"
  },
  {
    "title": "Helsinki şi Stockholm",
    "nights": 7,
    "date": "02.09",
    "price": 1270,
    "link": "https://www.jinfotours.ro/circuite/detalii/seniorihelsinkistockholm"
  },
  {
    "title": "Helsinki şi Stockholm",
    "nights": 7,
    "date": "01.10",
    "price": 1270,
    "link": "https://www.jinfotours.ro/circuite/detalii/seniorihelsinkistockholm"
  },
  {
    "title": "Elvetia si Mont Blanc",
    "nights": 8,
    "date": "30.04",
    "price": 1748,
    "link": "https://www.jinfotours.ro/circuite/detalii/seniorielvetia"
  },
  {
    "title": "Elvetia si Mont Blanc",
    "nights": 8,
    "date": "05.06",
    "price": 1748,
    "link": "https://www.jinfotours.ro/circuite/detalii/seniorielvetia"
  },
  {
    "title": "Elvetia si Mont Blanc",
    "nights": 8,
    "date": "20.06",
    "price": 1748,
    "link": "https://www.jinfotours.ro/circuite/detalii/seniorielvetia"
  },
  {
    "title": "Elvetia si Mont Blanc",
    "nights": 8,
    "date": "10.09",
    "price": 1748,
    "link": "https://www.jinfotours.ro/circuite/detalii/seniorielvetia"
  },
  {
    "title": "Elvetia si Mont Blanc",
    "nights": 8,
    "date": "14.10",
    "price": 1748,
    "link": "https://www.jinfotours.ro/circuite/detalii/seniorielvetia"
  },
  {
    "title": "Elvetia si Mont Blanc",
    "nights": 8,
    "date": "02.11",
    "price": 1748,
    "link": "https://www.jinfotours.ro/circuite/detalii/seniorielvetia"
  },
  {
    "title": "Coasta de Azur",
    "nights": 7,
    "date": "02.04",
    "price": 995,
    "link": "https://www.jinfotours.ro/circuite/detalii/circuit-coastadeazur"
  },
  {
    "title": "Coasta de Azur",
    "nights": 7,
    "date": "05.10",
    "price": 995,
    "link": "https://www.jinfotours.ro/circuite/detalii/circuit-coastadeazur"
  },
  {
    "title": "Coasta Amalfitană – Perla Mării Tireniene",
    "nights": 7,
    "date": "30.04",
    "price": 895,
    "link": "https://www.jinfotours.ro/circuite/detalii/senioriamalfi"
  },
  {
    "title": "Coasta Amalfitană – Perla Mării Tireniene",
    "nights": 7,
    "date": "21.05",
    "price": 895,
    "link": "https://www.jinfotours.ro/circuite/detalii/senioriamalfi"
  },
  {
    "title": "Coasta Amalfitană – Perla Mării Tireniene",
    "nights": 7,
    "date": "05.07",
    "price": 895,
    "link": "https://www.jinfotours.ro/circuite/detalii/senioriamalfi"
  },
  {
    "title": "Coasta Amalfitană – Perla Mării Tireniene",
    "nights": 7,
    "date": "06.09",
    "price": 895,
    "link": "https://www.jinfotours.ro/circuite/detalii/senioriamalfi"
  },
  {
    "title": "Coasta Amalfitană – Perla Mării Tireniene",
    "nights": 7,
    "date": "12.10",
    "price": 895,
    "link": "https://www.jinfotours.ro/circuite/detalii/senioriamalfi"
  },
  {
    "title": "Ciao Italia",
    "nights": 7,
    "date": "22.05",
    "price": 889,
    "link": "https://www.jinfotours.ro/circuite/detalii/ciaoitalia"
  },
  {
    "title": "Ciao Italia",
    "nights": 7,
    "date": "02.09",
    "price": 889,
    "link": "https://www.jinfotours.ro/circuite/detalii/ciaoitalia"
  },
  {
    "title": "Ciao Italia",
    "nights": 7,
    "date": "08.10",
    "price": 889,
    "link": "https://www.jinfotours.ro/circuite/detalii/ciaoitalia"
  },
  {
    "title": "Bella Sicilia",
    "nights": 7,
    "date": "30.05",
    "price": 750,
    "link": "https://www.jinfotours.ro/circuite/detalii/seniorisicilia"
  },
  {
    "title": "Bella Sicilia",
    "nights": 7,
    "date": "30.06",
    "price": 750,
    "link": "https://www.jinfotours.ro/circuite/detalii/seniorisicilia"
  },
  {
    "title": "Bella Sicilia",
    "nights": 7,
    "date": "01.09",
    "price": 750,
    "link": "https://www.jinfotours.ro/circuite/detalii/seniorisicilia"
  },
  {
    "title": "Bella Sicilia",
    "nights": 7,
    "date": "01.10",
    "price": 750,
    "link": "https://www.jinfotours.ro/circuite/detalii/seniorisicilia"
  },
  {
    "title": "Belgia - Olanda - Luxemburg",
    "nights": 7,
    "date": "04.04",
    "price": 1150,
    "link": "https://www.jinfotours.ro/circuite/detalii/benelux"
  },
  {
    "title": "Belgia - Olanda - Luxemburg",
    "nights": 7,
    "date": "28.05",
    "price": 1150,
    "link": "https://www.jinfotours.ro/circuite/detalii/benelux"
  },
  {
    "title": "Belgia - Olanda - Luxemburg",
    "nights": 7,
    "date": "16.07",
    "price": 1150,
    "link": "https://www.jinfotours.ro/circuite/detalii/benelux"
  },
  {
    "title": "Belgia - Olanda - Luxemburg",
    "nights": 7,
    "date": "01.09",
    "price": 1150,
    "link": "https://www.jinfotours.ro/circuite/detalii/benelux"
  },
  {
    "title": "Bavaria - Drumul Romantic",
    "nights": 7,
    "date": "17.04",
    "price": 995,
    "link": "https://www.jinfotours.ro/circuite/detalii/bavaria-circuite"
  },
  {
    "title": "Bavaria - Drumul Romantic",
    "nights": 7,
    "date": "22.05",
    "price": 995,
    "link": "https://www.jinfotours.ro/circuite/detalii/bavaria-circuite"
  },
  {
    "title": "Bavaria - Drumul Romantic",
    "nights": 7,
    "date": "12.09",
    "price": 995,
    "link": "https://www.jinfotours.ro/circuite/detalii/bavaria-circuite"
  },
  {
    "title": "Bavaria - Drumul Romantic",
    "nights": 7,
    "date": "10.10",
    "price": 995,
    "link": "https://www.jinfotours.ro/circuite/detalii/bavaria-circuite"
  },
  {
    "title": "Barcelona – Pe urmele lui Gaudi și Dali",
    "nights": 6,
    "date": "20.05",
    "price": 799,
    "link": "https://www.jinfotours.ro/circuite/detalii/gaudidali-barcelonaspania"
  },
  {
    "title": "Barcelona – Pe urmele lui Gaudi și Dali",
    "nights": 6,
    "date": "08.07",
    "price": 799,
    "link": "https://www.jinfotours.ro/circuite/detalii/gaudidali-barcelonaspania"
  },
  {
    "title": "Barcelona – Pe urmele lui Gaudi și Dali",
    "nights": 6,
    "date": "02.09",
    "price": 799,
    "link": "https://www.jinfotours.ro/circuite/detalii/gaudidali-barcelonaspania"
  },
  {
    "title": "Barcelona – Pe urmele lui Gaudi și Dali",
    "nights": 6,
    "date": "14.10",
    "price": 799,
    "link": "https://www.jinfotours.ro/circuite/detalii/gaudidali-barcelonaspania"
  },
  {
    "title": "Azerbaidjan – Georgia - Armenia",
    "nights": 10,
    "date": "28.04",
    "price": 1899,
    "link": "https://www.jinfotours.ro/circuite/detalii/agarmenia"
  },
  {
    "title": "Azerbaidjan – Georgia - Armenia",
    "nights": 10,
    "date": "27.06",
    "price": 1899,
    "link": "https://www.jinfotours.ro/circuite/detalii/agarmenia"
  },
  {
    "title": "Azerbaidjan – Georgia - Armenia",
    "nights": 10,
    "date": "11.09",
    "price": 1899,
    "link": "https://www.jinfotours.ro/circuite/detalii/agarmenia"
  },
  {
    "title": "Azerbaidjan – Georgia - Armenia",
    "nights": 10,
    "date": "06.10",
    "price": 1899,
    "link": "https://www.jinfotours.ro/circuite/detalii/agarmenia"
  },
  {
    "title": "Anglia - Scoţia - Irlanda",
    "nights": 12,
    "date": "17.05",
    "price": 1960,
    "link": "https://www.jinfotours.ro/circuite/detalii/asirlanda"
  },
  {
    "title": "Anglia - Scoţia - Irlanda",
    "nights": 12,
    "date": "01.06",
    "price": 1960,
    "link": "https://www.jinfotours.ro/circuite/detalii/asirlanda"
  },
  {
    "title": "Anglia - Scoţia - Irlanda",
    "nights": 12,
    "date": "05.07",
    "price": 1960,
    "link": "https://www.jinfotours.ro/circuite/detalii/asirlanda"
  },
  {
    "title": "Anglia - Scoţia - Irlanda",
    "nights": 12,
    "date": "01.08",
    "price": 1960,
    "link": "https://www.jinfotours.ro/circuite/detalii/asirlanda"
  },
  {
    "title": "Anglia - Scoţia - Irlanda",
    "nights": 12,
    "date": "03.09",
    "price": 1960,
    "link": "https://www.jinfotours.ro/circuite/detalii/asirlanda"
  },
  {
    "title": "ANDALUZIA - în pași de flamenco",
    "nights": 5,
    "date": "22.03",
    "price": 975,
    "link": "https://www.jinfotours.ro/circuite/detalii/andaluzia-5-nopti"
  },
  {
    "title": "ANDALUZIA - în pași de flamenco",
    "nights": 5,
    "date": "29.04",
    "price": 975,
    "link": "https://www.jinfotours.ro/circuite/detalii/andaluzia-5-nopti"
  },
  {
    "title": "ANDALUZIA - în pași de flamenco",
    "nights": 5,
    "date": "15.05",
    "price": 975,
    "link": "https://www.jinfotours.ro/circuite/detalii/andaluzia-5-nopti"
  },
  {
    "title": "ANDALUZIA - în pași de flamenco",
    "nights": 5,
    "date": "20.10",
    "price": 975,
    "link": "https://www.jinfotours.ro/circuite/detalii/andaluzia-5-nopti"
  },
  {
    "title": "ANDALUZIA - în pași de flamenco",
    "nights": 7,
    "date": "22.03",
    "price": 1560,
    "link": "https://www.jinfotours.ro/circuite/detalii/andaluzia-flamenco"
  },
  {
    "title": "ANDALUZIA - în pași de flamenco",
    "nights": 7,
    "date": "28.04",
    "price": 1560,
    "link": "https://www.jinfotours.ro/circuite/detalii/andaluzia-flamenco"
  },
  {
    "title": "ANDALUZIA - în pași de flamenco",
    "nights": 7,
    "date": "17.05",
    "price": 1560,
    "link": "https://www.jinfotours.ro/circuite/detalii/andaluzia-flamenco"
  },
  {
    "title": "ANDALUZIA - în pași de flamenco",
    "nights": 7,
    "date": "02.06",
    "price": 1560,
    "link": "https://www.jinfotours.ro/circuite/detalii/andaluzia-flamenco"
  },
  {
    "title": "ANDALUZIA - în pași de flamenco",
    "nights": 7,
    "date": "05.08",
    "price": 1560,
    "link": "https://www.jinfotours.ro/circuite/detalii/andaluzia-flamenco"
  },
  {
    "title": "ANDALUZIA - în pași de flamenco",
    "nights": 7,
    "date": "18.10",
    "price": 1560,
    "link": "https://www.jinfotours.ro/circuite/detalii/andaluzia-flamenco"
  },
  {
    "title": "Acasă la Regii Franței",
    "nights": 10,
    "date": "27.04",
    "price": 1100,
    "link": "https://www.jinfotours.ro/circuite/detalii/acfranta"
  },
  {
    "title": "Acasă la Regii Franței",
    "nights": 10,
    "date": "15.05",
    "price": 1100,
    "link": "https://www.jinfotours.ro/circuite/detalii/acfranta"
  },
  {
    "title": "Acasă la Regii Franței",
    "nights": 10,
    "date": "21.06",
    "price": 1100,
    "link": "https://www.jinfotours.ro/circuite/detalii/acfranta"
  },
  {
    "title": "Acasă la Regii Franței",
    "nights": 10,
    "date": "17.07",
    "price": 1100,
    "link": "https://www.jinfotours.ro/circuite/detalii/acfranta"
  },
  {
    "title": "Acasă la Regii Franței",
    "nights": 10,
    "date": "01.08",
    "price": 1100,
    "link": "https://www.jinfotours.ro/circuite/detalii/acfranta"
  },
  {
    "title": "Acasă la Regii Franței",
    "nights": 10,
    "date": "01.09",
    "price": 1100,
    "link": "https://www.jinfotours.ro/circuite/detalii/acfranta"
  },
  {
    "title": "Viva Spania",
    "nights": 10,
    "date": "15.06",
    "price": 1199,
    "link": "https://www.jinfotours.ro/circuite/detalii/vivaspania"
  },
  {
    "title": "Viva Spania",
    "nights": 10,
    "date": "06.07",
    "price": 1199,
    "link": "https://www.jinfotours.ro/circuite/detalii/vivaspania"
  },
  {
    "title": "Viva Spania",
    "nights": 10,
    "date": "01.09",
    "price": 1199,
    "link": "https://www.jinfotours.ro/circuite/detalii/vivaspania"
  },
  {
    "title": "Viva Spania",
    "nights": 10,
    "date": "07.10",
    "price": 1199,
    "link": "https://www.jinfotours.ro/circuite/detalii/vivaspania"
  },
  {
    "title": "TOSCANA – Bijuteria Italiei",
    "nights": 7,
    "date": "30.03",
    "price": 785,
    "link": "https://www.jinfotours.ro/circuite/detalii/toscanaitalia"
  },
  {
    "title": "TOSCANA – Bijuteria Italiei",
    "nights": 7,
    "date": "28.04",
    "price": 785,
    "link": "https://www.jinfotours.ro/circuite/detalii/toscanaitalia"
  },
  {
    "title": "TOSCANA – Bijuteria Italiei",
    "nights": 7,
    "date": "12.05",
    "price": 785,
    "link": "https://www.jinfotours.ro/circuite/detalii/toscanaitalia"
  },
  {
    "title": "TOSCANA – Bijuteria Italiei",
    "nights": 7,
    "date": "14.07",
    "price": 785,
    "link": "https://www.jinfotours.ro/circuite/detalii/toscanaitalia"
  },
  {
    "title": "TOSCANA – Bijuteria Italiei",
    "nights": 7,
    "date": "01.09",
    "price": 785,
    "link": "https://www.jinfotours.ro/circuite/detalii/toscanaitalia"
  },
  {
    "title": "TOSCANA – Bijuteria Italiei",
    "nights": 7,
    "date": "06.10",
    "price": 785,
    "link": "https://www.jinfotours.ro/circuite/detalii/toscanaitalia"
  },
  {
    "title": "Țările nordice",
    "nights": 8,
    "date": "27.04",
    "price": 2120,
    "link": "https://www.jinfotours.ro/circuite/detalii/tarilenordice"
  },
  {
    "title": "Țările nordice",
    "nights": 8,
    "date": "26.05",
    "price": 2120,
    "link": "https://www.jinfotours.ro/circuite/detalii/tarilenordice"
  },
  {
    "title": "Țările nordice",
    "nights": 8,
    "date": "16.06",
    "price": 2120,
    "link": "https://www.jinfotours.ro/circuite/detalii/tarilenordice"
  },
  {
    "title": "Țările nordice",
    "nights": 8,
    "date": "28.07",
    "price": 2120,
    "link": "https://www.jinfotours.ro/circuite/detalii/tarilenordice"
  },
  {
    "title": "Malta-Sicilia",
    "nights": 7,
    "date": "30.03",
    "price": 885,
    "link": "https://www.jinfotours.ro/circuite/detalii/maltasicilia"
  },
  {
    "title": "Malta-Sicilia",
    "nights": 7,
    "date": "30.04",
    "price": 885,
    "link": "https://www.jinfotours.ro/circuite/detalii/maltasicilia"
  },
  {
    "title": "Malta-Sicilia",
    "nights": 7,
    "date": "26.05",
    "price": 885,
    "link": "https://www.jinfotours.ro/circuite/detalii/maltasicilia"
  },
  {
    "title": "Malta-Sicilia",
    "nights": 7,
    "date": "30.06",
    "price": 885,
    "link": "https://www.jinfotours.ro/circuite/detalii/maltasicilia"
  },
  {
    "title": "Malta-Sicilia",
    "nights": 7,
    "date": "28.07",
    "price": 885,
    "link": "https://www.jinfotours.ro/circuite/detalii/maltasicilia"
  },
  {
    "title": "Malta-Sicilia",
    "nights": 7,
    "date": "01.09",
    "price": 885,
    "link": "https://www.jinfotours.ro/circuite/detalii/maltasicilia"
  },
  {
    "title": "Malta-Sicilia",
    "nights": 7,
    "date": "10.10",
    "price": 885,
    "link": "https://www.jinfotours.ro/circuite/detalii/maltasicilia"
  },
  {
    "title": "Uzbekistan – Aventură pe Drumul Mătăsii",
    "nights": 8,
    "date": "26.04",
    "price": 1780,
    "link": "https://www.jinfotours.ro/circuite/detalii/uzbekistan-drumulmatasii"
  },
  {
    "title": "Uzbekistan – Aventură pe Drumul Mătăsii",
    "nights": 8,
    "date": "05.10",
    "price": 1780,
    "link": "https://www.jinfotours.ro/circuite/detalii/uzbekistan-drumulmatasii"
  },
  {
    "title": "Turul Indiei de Nord",
    "nights": 9,
    "date": "03.02",
    "price": 2100,
    "link": "https://www.jinfotours.ro/circuite/detalii/turul-indiei-de-nord"
  },
  {
    "title": "Turul Indiei de Nord",
    "nights": 9,
    "date": "31.03",
    "price": 2100,
    "link": "https://www.jinfotours.ro/circuite/detalii/turul-indiei-de-nord"
  },
  {
    "title": "Turul Indiei de Nord",
    "nights": 9,
    "date": "17.04",
    "price": 2100,
    "link": "https://www.jinfotours.ro/circuite/detalii/turul-indiei-de-nord"
  },
  {
    "title": "Turul Indiei de Nord",
    "nights": 9,
    "date": "15.09",
    "price": 2100,
    "link": "https://www.jinfotours.ro/circuite/detalii/turul-indiei-de-nord"
  },
  {
    "title": "Turul Indiei de Nord",
    "nights": 9,
    "date": "05.10",
    "price": 2100,
    "link": "https://www.jinfotours.ro/circuite/detalii/turul-indiei-de-nord"
  },
  {
    "title": "Turul Indiei de Nord",
    "nights": 9,
    "date": "05.11",
    "price": 2100,
    "link": "https://www.jinfotours.ro/circuite/detalii/turul-indiei-de-nord"
  },
  {
    "title": "Turul Indiei de Nord",
    "nights": 9,
    "date": "27.12",
    "price": 2100,
    "link": "https://www.jinfotours.ro/circuite/detalii/turul-indiei-de-nord"
  },
  {
    "title": "Thailanda - Vietnam - Cambodgia",
    "nights": 15,
    "date": "02.01",
    "price": 3850,
    "link": "https://www.jinfotours.ro/circuite/detalii/thailandavietnamcambogia"
  },
  {
    "title": "Thailanda - Vietnam - Cambodgia",
    "nights": 15,
    "date": "31.03",
    "price": 3850,
    "link": "https://www.jinfotours.ro/circuite/detalii/thailandavietnamcambogia"
  },
  {
    "title": "Thailanda - Vietnam - Cambodgia",
    "nights": 15,
    "date": "17.04",
    "price": 3850,
    "link": "https://www.jinfotours.ro/circuite/detalii/thailandavietnamcambogia"
  },
  {
    "title": "Thailanda - Vietnam - Cambodgia",
    "nights": 15,
    "date": "01.09",
    "price": 3850,
    "link": "https://www.jinfotours.ro/circuite/detalii/thailandavietnamcambogia"
  },
  {
    "title": "Thailanda - Vietnam - Cambodgia",
    "nights": 15,
    "date": "20.10",
    "price": 3850,
    "link": "https://www.jinfotours.ro/circuite/detalii/thailandavietnamcambogia"
  },
  {
    "title": "Thailanda - Vietnam - Cambodgia",
    "nights": 15,
    "date": "01.11",
    "price": 3850,
    "link": "https://www.jinfotours.ro/circuite/detalii/thailandavietnamcambogia"
  },
  {
    "title": "Thailanda - Vietnam - Cambodgia",
    "nights": 15,
    "date": "27.12",
    "price": 3850,
    "link": "https://www.jinfotours.ro/circuite/detalii/thailandavietnamcambogia"
  },
  {
    "title": "Thailanda - Călătorind în Ţara Surâsului",
    "nights": 7,
    "date": "31.03",
    "price": 1560,
    "link": "https://www.jinfotours.ro/circuite/detalii/thailanda-bangkok"
  },
  {
    "title": "Thailanda - Călătorind în Ţara Surâsului",
    "nights": 7,
    "date": "17.04",
    "price": 1560,
    "link": "https://www.jinfotours.ro/circuite/detalii/thailanda-bangkok"
  },
  {
    "title": "Thailanda - Călătorind în Ţara Surâsului",
    "nights": 7,
    "date": "15.05",
    "price": 1560,
    "link": "https://www.jinfotours.ro/circuite/detalii/thailanda-bangkok"
  },
  {
    "title": "Thailanda - Călătorind în Ţara Surâsului",
    "nights": 7,
    "date": "02.09",
    "price": 1560,
    "link": "https://www.jinfotours.ro/circuite/detalii/thailanda-bangkok"
  },
  {
    "title": "Thailanda - Călătorind în Ţara Surâsului",
    "nights": 7,
    "date": "01.10",
    "price": 1560,
    "link": "https://www.jinfotours.ro/circuite/detalii/thailanda-bangkok"
  },
  {
    "title": "Thailanda - Călătorind în Ţara Surâsului",
    "nights": 7,
    "date": "03.11",
    "price": 1560,
    "link": "https://www.jinfotours.ro/circuite/detalii/thailanda-bangkok"
  },
  {
    "title": "Thailanda - Călătorind în Ţara Surâsului",
    "nights": 7,
    "date": "27.12",
    "price": 1560,
    "link": "https://www.jinfotours.ro/circuite/detalii/thailanda-bangkok"
  },
  {
    "title": "SRI LANKA și sejur în MALDIVE",
    "nights": 13,
    "date": "29.12",
    "price": 4390,
    "link": "https://www.jinfotours.ro/circuite/detalii/srilanka"
  },
  {
    "title": "Nepal",
    "nights": 10,
    "date": "25.04",
    "price": 2150,
    "link": "https://www.jinfotours.ro/circuite/detalii/nepal"
  },
  {
    "title": "Nepal",
    "nights": 10,
    "date": "24.06",
    "price": 2150,
    "link": "https://www.jinfotours.ro/circuite/detalii/nepal"
  },
  {
    "title": "Nepal",
    "nights": 10,
    "date": "10.09",
    "price": 2150,
    "link": "https://www.jinfotours.ro/circuite/detalii/nepal"
  },
  {
    "title": "Japonia și Coreea de Sud",
    "nights": 14,
    "date": "05.04",
    "price": 5562,
    "link": "https://www.jinfotours.ro/circuite/detalii/japoniamagianaturii"
  },
  {
    "title": "Japonia și Coreea de Sud",
    "nights": 14,
    "date": "01.08",
    "price": 5562,
    "link": "https://www.jinfotours.ro/circuite/detalii/japoniamagianaturii"
  },
  {
    "title": "Japonia și Coreea de Sud",
    "nights": 14,
    "date": "01.09",
    "price": 5562,
    "link": "https://www.jinfotours.ro/circuite/detalii/japoniamagianaturii"
  },
  {
    "title": "Japonia – Țara Soarelui Răsare",
    "nights": 9,
    "date": "01.04",
    "price": 3250,
    "link": "https://www.jinfotours.ro/circuite/detalii/japonia"
  },
  {
    "title": "Japonia – Țara Soarelui Răsare",
    "nights": 9,
    "date": "01.08",
    "price": 3250,
    "link": "https://www.jinfotours.ro/circuite/detalii/japonia"
  },
  {
    "title": "Japonia – Țara Soarelui Răsare",
    "nights": 9,
    "date": "01.09",
    "price": 3250,
    "link": "https://www.jinfotours.ro/circuite/detalii/japonia"
  },
  {
    "title": "Indonezia si insula zeilor",
    "nights": 14,
    "date": "03.06",
    "price": 2650,
    "link": "https://www.jinfotours.ro/circuite/detalii/indonezia-si-insula-zeilor"
  },
  {
    "title": "Indonezia si insula zeilor",
    "nights": 14,
    "date": "15.07",
    "price": 2650,
    "link": "https://www.jinfotours.ro/circuite/detalii/indonezia-si-insula-zeilor"
  },
  {
    "title": "Indonezia si insula zeilor",
    "nights": 14,
    "date": "26.08",
    "price": 2650,
    "link": "https://www.jinfotours.ro/circuite/detalii/indonezia-si-insula-zeilor"
  },
  {
    "title": "Indonezia si insula zeilor",
    "nights": 14,
    "date": "16.09",
    "price": 2650,
    "link": "https://www.jinfotours.ro/circuite/detalii/indonezia-si-insula-zeilor"
  },
  {
    "title": "INDONEZIA – Inima exotică a Asiei",
    "nights": 8,
    "date": "31.03",
    "price": 2680,
    "link": "https://www.jinfotours.ro/circuite/detalii/indonezia-exotica"
  },
  {
    "title": "INDONEZIA – Inima exotică a Asiei",
    "nights": 8,
    "date": "15.05",
    "price": 2680,
    "link": "https://www.jinfotours.ro/circuite/detalii/indonezia-exotica"
  },
  {
    "title": "INDONEZIA – Inima exotică a Asiei",
    "nights": 8,
    "date": "02.09",
    "price": 2680,
    "link": "https://www.jinfotours.ro/circuite/detalii/indonezia-exotica"
  },
  {
    "title": "INDONEZIA – Inima exotică a Asiei",
    "nights": 8,
    "date": "01.10",
    "price": 2680,
    "link": "https://www.jinfotours.ro/circuite/detalii/indonezia-exotica"
  },
  {
    "title": "INDONEZIA – Inima exotică a Asiei",
    "nights": 8,
    "date": "01.11",
    "price": 2680,
    "link": "https://www.jinfotours.ro/circuite/detalii/indonezia-exotica"
  },
  {
    "title": "INDONEZIA – Inima exotică a Asiei",
    "nights": 8,
    "date": "27.12",
    "price": 2680,
    "link": "https://www.jinfotours.ro/circuite/detalii/indonezia-exotica"
  },
  {
    "title": "Indochina - Vietnam, Laos, Cambodgia",
    "nights": 12,
    "date": "03.03",
    "price": 3650,
    "link": "https://www.jinfotours.ro/circuite/detalii/indochina-vietnam-laos-cambodgia"
  },
  {
    "title": "Indochina - Vietnam, Laos, Cambodgia",
    "nights": 12,
    "date": "20.10",
    "price": 3650,
    "link": "https://www.jinfotours.ro/circuite/detalii/indochina-vietnam-laos-cambodgia"
  },
  {
    "title": "Dubai și Abu Dhabi",
    "nights": 7,
    "date": "15.01",
    "price": 945,
    "link": "https://www.jinfotours.ro/circuite/detalii/dubai-abu-dhabi"
  },
  {
    "title": "Dubai și Abu Dhabi",
    "nights": 7,
    "date": "15.03",
    "price": 945,
    "link": "https://www.jinfotours.ro/circuite/detalii/dubai-abu-dhabi"
  },
  {
    "title": "Dubai și Abu Dhabi",
    "nights": 7,
    "date": "01.09",
    "price": 945,
    "link": "https://www.jinfotours.ro/circuite/detalii/dubai-abu-dhabi"
  },
  {
    "title": "Dubai și Abu Dhabi",
    "nights": 7,
    "date": "01.10",
    "price": 945,
    "link": "https://www.jinfotours.ro/circuite/detalii/dubai-abu-dhabi"
  },
  {
    "title": "Dubai și Abu Dhabi",
    "nights": 7,
    "date": "01.11",
    "price": 945,
    "link": "https://www.jinfotours.ro/circuite/detalii/dubai-abu-dhabi"
  },
  {
    "title": "Dubai și Abu Dhabi",
    "nights": 7,
    "date": "27.12",
    "price": 945,
    "link": "https://www.jinfotours.ro/circuite/detalii/dubai-abu-dhabi"
  },
  {
    "title": "Coreea de Sud – Țara dimineților liniștite",
    "nights": 7,
    "date": "30.03",
    "price": 2590,
    "link": "https://www.jinfotours.ro/circuite/detalii/coreea-de-sud"
  },
  {
    "title": "Coreea de Sud – Țara dimineților liniștite",
    "nights": 7,
    "date": "30.04",
    "price": 2590,
    "link": "https://www.jinfotours.ro/circuite/detalii/coreea-de-sud"
  },
  {
    "title": "Coreea de Sud – Țara dimineților liniștite",
    "nights": 7,
    "date": "08.05",
    "price": 2590,
    "link": "https://www.jinfotours.ro/circuite/detalii/coreea-de-sud"
  },
  {
    "title": "Coreea de Sud – Țara dimineților liniștite",
    "nights": 7,
    "date": "05.06",
    "price": 2590,
    "link": "https://www.jinfotours.ro/circuite/detalii/coreea-de-sud"
  },
  {
    "title": "Coreea de Sud – Țara dimineților liniștite",
    "nights": 7,
    "date": "04.09",
    "price": 2590,
    "link": "https://www.jinfotours.ro/circuite/detalii/coreea-de-sud"
  },
  {
    "title": "Coreea de Sud – Țara dimineților liniștite",
    "nights": 7,
    "date": "10.10",
    "price": 2590,
    "link": "https://www.jinfotours.ro/circuite/detalii/coreea-de-sud"
  },
  {
    "title": "China - Tibet",
    "nights": 13,
    "date": "31.03",
    "price": 3250,
    "link": "https://www.jinfotours.ro/circuite/detalii/chinatibet"
  },
  {
    "title": "China - Tibet",
    "nights": 13,
    "date": "17.04",
    "price": 3250,
    "link": "https://www.jinfotours.ro/circuite/detalii/chinatibet"
  },
  {
    "title": "China - Tibet",
    "nights": 13,
    "date": "20.05",
    "price": 3250,
    "link": "https://www.jinfotours.ro/circuite/detalii/chinatibet"
  },
  {
    "title": "China - Tibet",
    "nights": 13,
    "date": "01.07",
    "price": 3250,
    "link": "https://www.jinfotours.ro/circuite/detalii/chinatibet"
  },
  {
    "title": "China - Tibet",
    "nights": 13,
    "date": "01.08",
    "price": 3250,
    "link": "https://www.jinfotours.ro/circuite/detalii/chinatibet"
  },
  {
    "title": "China - Tibet",
    "nights": 13,
    "date": "02.09",
    "price": 3250,
    "link": "https://www.jinfotours.ro/circuite/detalii/chinatibet"
  },
  {
    "title": "China - Tibet",
    "nights": 13,
    "date": "05.10",
    "price": 3250,
    "link": "https://www.jinfotours.ro/circuite/detalii/chinatibet"
  },
  {
    "title": "China - Tibet",
    "nights": 13,
    "date": "28.12",
    "price": 3250,
    "link": "https://www.jinfotours.ro/circuite/detalii/chinatibet"
  },
  {
    "title": "China - Hong Kong",
    "nights": 13,
    "date": "31.03",
    "price": 3280,
    "link": "https://www.jinfotours.ro/circuite/detalii/chinahongkong"
  },
  {
    "title": "China - Hong Kong",
    "nights": 13,
    "date": "17.04",
    "price": 3280,
    "link": "https://www.jinfotours.ro/circuite/detalii/chinahongkong"
  },
  {
    "title": "China - Hong Kong",
    "nights": 13,
    "date": "20.05",
    "price": 3280,
    "link": "https://www.jinfotours.ro/circuite/detalii/chinahongkong"
  },
  {
    "title": "China - Hong Kong",
    "nights": 13,
    "date": "01.07",
    "price": 3280,
    "link": "https://www.jinfotours.ro/circuite/detalii/chinahongkong"
  },
  {
    "title": "China - Hong Kong",
    "nights": 13,
    "date": "01.08",
    "price": 3280,
    "link": "https://www.jinfotours.ro/circuite/detalii/chinahongkong"
  },
  {
    "title": "China - Hong Kong",
    "nights": 13,
    "date": "02.09",
    "price": 3280,
    "link": "https://www.jinfotours.ro/circuite/detalii/chinahongkong"
  },
  {
    "title": "China - Hong Kong",
    "nights": 13,
    "date": "05.10",
    "price": 3280,
    "link": "https://www.jinfotours.ro/circuite/detalii/chinahongkong"
  },
  {
    "title": "China - Hong Kong",
    "nights": 13,
    "date": "28.12",
    "price": 3280,
    "link": "https://www.jinfotours.ro/circuite/detalii/chinahongkong"
  },
  {
    "title": "CHINA – Învățămintele lui Buddha",
    "nights": 10,
    "date": "31.03",
    "price": 3050,
    "link": "https://www.jinfotours.ro/circuite/detalii/chinabuddha"
  },
  {
    "title": "CHINA – Învățămintele lui Buddha",
    "nights": 10,
    "date": "17.04",
    "price": 3050,
    "link": "https://www.jinfotours.ro/circuite/detalii/chinabuddha"
  },
  {
    "title": "CHINA – Învățămintele lui Buddha",
    "nights": 10,
    "date": "20.05",
    "price": 3050,
    "link": "https://www.jinfotours.ro/circuite/detalii/chinabuddha"
  },
  {
    "title": "CHINA – Învățămintele lui Buddha",
    "nights": 10,
    "date": "01.07",
    "price": 3050,
    "link": "https://www.jinfotours.ro/circuite/detalii/chinabuddha"
  },
  {
    "title": "CHINA – Învățămintele lui Buddha",
    "nights": 10,
    "date": "01.08",
    "price": 3050,
    "link": "https://www.jinfotours.ro/circuite/detalii/chinabuddha"
  },
  {
    "title": "CHINA – Învățămintele lui Buddha",
    "nights": 10,
    "date": "02.09",
    "price": 3050,
    "link": "https://www.jinfotours.ro/circuite/detalii/chinabuddha"
  },
  {
    "title": "CHINA – Învățămintele lui Buddha",
    "nights": 10,
    "date": "05.10",
    "price": 3050,
    "link": "https://www.jinfotours.ro/circuite/detalii/chinabuddha"
  },
  {
    "title": "CHINA – Croaziera pe raul Yangtze",
    "nights": 10,
    "date": "28.04",
    "price": 1950,
    "link": "https://www.jinfotours.ro/circuite/detalii/china-croaziera-pe-raul-yangtze"
  },
  {
    "title": "CHINA – Croaziera pe raul Yangtze",
    "nights": 10,
    "date": "26.05",
    "price": 1950,
    "link": "https://www.jinfotours.ro/circuite/detalii/china-croaziera-pe-raul-yangtze"
  },
  {
    "title": "CHINA – Croaziera pe raul Yangtze",
    "nights": 10,
    "date": "23.06",
    "price": 1950,
    "link": "https://www.jinfotours.ro/circuite/detalii/china-croaziera-pe-raul-yangtze"
  },
  {
    "title": "CHINA – Croaziera pe raul Yangtze",
    "nights": 10,
    "date": "14.07",
    "price": 1950,
    "link": "https://www.jinfotours.ro/circuite/detalii/china-croaziera-pe-raul-yangtze"
  },
  {
    "title": "CHINA – Croaziera pe raul Yangtze",
    "nights": 10,
    "date": "04.08",
    "price": 1950,
    "link": "https://www.jinfotours.ro/circuite/detalii/china-croaziera-pe-raul-yangtze"
  },
  {
    "title": "CHINA – Croaziera pe raul Yangtze",
    "nights": 10,
    "date": "01.09",
    "price": 1950,
    "link": "https://www.jinfotours.ro/circuite/detalii/china-croaziera-pe-raul-yangtze"
  },
  {
    "title": "CHINA – Croaziera pe raul Yangtze",
    "nights": 10,
    "date": "06.10",
    "price": 1950,
    "link": "https://www.jinfotours.ro/circuite/detalii/china-croaziera-pe-raul-yangtze"
  },
  {
    "title": "Thailanda - Malaysia - Singapore",
    "nights": 8,
    "date": "16.09",
    "price": 2720,
    "link": "https://www.jinfotours.ro/circuite/detalii/thailandasingaporemalayesia"
  },
  {
    "title": "Thailanda - Malaysia - Singapore",
    "nights": 8,
    "date": "14.10",
    "price": 2720,
    "link": "https://www.jinfotours.ro/circuite/detalii/thailandasingaporemalayesia"
  },
  {
    "title": "Taiwan – Filipine – Malaysia (Borneo)",
    "nights": 13,
    "date": "03.02",
    "price": 3290,
    "link": "https://www.jinfotours.ro/circuite/detalii/taiwanfilipinemalayesia"
  },
  {
    "title": "Taiwan – Filipine – Malaysia (Borneo)",
    "nights": 13,
    "date": "31.03",
    "price": 3290,
    "link": "https://www.jinfotours.ro/circuite/detalii/taiwanfilipinemalayesia"
  },
  {
    "title": "Taiwan – Filipine – Malaysia (Borneo)",
    "nights": 13,
    "date": "17.04",
    "price": 3290,
    "link": "https://www.jinfotours.ro/circuite/detalii/taiwanfilipinemalayesia"
  },
  {
    "title": "Taiwan – Filipine – Malaysia (Borneo)",
    "nights": 13,
    "date": "04.09",
    "price": 3290,
    "link": "https://www.jinfotours.ro/circuite/detalii/taiwanfilipinemalayesia"
  },
  {
    "title": "Taiwan – Filipine – Malaysia (Borneo)",
    "nights": 13,
    "date": "07.10",
    "price": 3290,
    "link": "https://www.jinfotours.ro/circuite/detalii/taiwanfilipinemalayesia"
  },
  {
    "title": "Taiwan – Filipine – Malaysia (Borneo)",
    "nights": 13,
    "date": "01.11",
    "price": 3290,
    "link": "https://www.jinfotours.ro/circuite/detalii/taiwanfilipinemalayesia"
  },
  {
    "title": "Taiwan – Filipine – Malaysia (Borneo)",
    "nights": 13,
    "date": "29.12",
    "price": 3290,
    "link": "https://www.jinfotours.ro/circuite/detalii/taiwanfilipinemalayesia"
  },
  {
    "title": "Mongolia - Țara nomazilor",
    "nights": 8,
    "date": "17.04",
    "price": 2650,
    "link": "https://www.jinfotours.ro/circuite/detalii/mongolia-tara-nomazilor"
  },
  {
    "title": "Mongolia - Țara nomazilor",
    "nights": 8,
    "date": "20.05",
    "price": 2650,
    "link": "https://www.jinfotours.ro/circuite/detalii/mongolia-tara-nomazilor"
  },
  {
    "title": "Mongolia - Țara nomazilor",
    "nights": 8,
    "date": "04.07",
    "price": 2650,
    "link": "https://www.jinfotours.ro/circuite/detalii/mongolia-tara-nomazilor"
  },
  {
    "title": "Mongolia - Țara nomazilor",
    "nights": 8,
    "date": "01.08",
    "price": 2650,
    "link": "https://www.jinfotours.ro/circuite/detalii/mongolia-tara-nomazilor"
  },
  {
    "title": "Mongolia - Țara nomazilor",
    "nights": 8,
    "date": "01.09",
    "price": 2650,
    "link": "https://www.jinfotours.ro/circuite/detalii/mongolia-tara-nomazilor"
  },
  {
    "title": "Iran - Legendele Persiei",
    "nights": 7,
    "date": "17.04",
    "price": 1750,
    "link": "https://www.jinfotours.ro/circuite/detalii/iran-legendele-persiei"
  },
  {
    "title": "Iran - Legendele Persiei",
    "nights": 7,
    "date": "22.10",
    "price": 1750,
    "link": "https://www.jinfotours.ro/circuite/detalii/iran-legendele-persiei"
  },
  {
    "title": "Iran - Legendele Persiei",
    "nights": 7,
    "date": "12.11",
    "price": 1750,
    "link": "https://www.jinfotours.ro/circuite/detalii/iran-legendele-persiei"
  },
  {
    "title": "India „Triunghiul de Aur” & Sejur în Goa/Kerala",
    "nights": 9,
    "date": "03.02",
    "price": 1680,
    "link": "https://www.jinfotours.ro/circuite/detalii/indiasigoa"
  },
  {
    "title": "India „Triunghiul de Aur” & Sejur în Goa/Kerala",
    "nights": 9,
    "date": "31.03",
    "price": 1680,
    "link": "https://www.jinfotours.ro/circuite/detalii/indiasigoa"
  },
  {
    "title": "India „Triunghiul de Aur” & Sejur în Goa/Kerala",
    "nights": 9,
    "date": "17.04",
    "price": 1680,
    "link": "https://www.jinfotours.ro/circuite/detalii/indiasigoa"
  },
  {
    "title": "India „Triunghiul de Aur” & Sejur în Goa/Kerala",
    "nights": 9,
    "date": "05.09",
    "price": 1680,
    "link": "https://www.jinfotours.ro/circuite/detalii/indiasigoa"
  },
  {
    "title": "India „Triunghiul de Aur” & Sejur în Goa/Kerala",
    "nights": 9,
    "date": "05.10",
    "price": 1680,
    "link": "https://www.jinfotours.ro/circuite/detalii/indiasigoa"
  },
  {
    "title": "India „Triunghiul de Aur” & Sejur în Goa/Kerala",
    "nights": 9,
    "date": "05.11",
    "price": 1680,
    "link": "https://www.jinfotours.ro/circuite/detalii/indiasigoa"
  },
  {
    "title": "India „Triunghiul de Aur” & Sejur în Goa/Kerala",
    "nights": 9,
    "date": "27.12",
    "price": 1680,
    "link": "https://www.jinfotours.ro/circuite/detalii/indiasigoa"
  },
  {
    "title": "Țara de Foc: El Calafate, Ushuaia, Torres del Paine",
    "nights": 11,
    "date": "30.03",
    "price": 3960,
    "link": "https://www.jinfotours.ro/circuite/detalii/taradefoc"
  },
  {
    "title": "Țara de Foc: El Calafate, Ushuaia, Torres del Paine",
    "nights": 11,
    "date": "30.09",
    "price": 3960,
    "link": "https://www.jinfotours.ro/circuite/detalii/taradefoc"
  },
  {
    "title": "Țara de Foc: El Calafate, Ushuaia, Torres del Paine",
    "nights": 11,
    "date": "30.10",
    "price": 3960,
    "link": "https://www.jinfotours.ro/circuite/detalii/taradefoc"
  },
  {
    "title": "Țara de Foc: El Calafate, Ushuaia, Torres del Paine",
    "nights": 11,
    "date": "28.12",
    "price": 3960,
    "link": "https://www.jinfotours.ro/circuite/detalii/taradefoc"
  },
  {
    "title": "SUA de Vest și Hawaii",
    "nights": 12,
    "date": "02.02",
    "price": 3960,
    "link": "https://www.jinfotours.ro/circuite/detalii/suadevest"
  },
  {
    "title": "SUA de Vest și Hawaii",
    "nights": 12,
    "date": "31.03",
    "price": 3960,
    "link": "https://www.jinfotours.ro/circuite/detalii/suadevest"
  },
  {
    "title": "SUA de Vest și Hawaii",
    "nights": 12,
    "date": "16.04",
    "price": 3960,
    "link": "https://www.jinfotours.ro/circuite/detalii/suadevest"
  },
  {
    "title": "SUA de Vest și Hawaii",
    "nights": 12,
    "date": "07.05",
    "price": 3960,
    "link": "https://www.jinfotours.ro/circuite/detalii/suadevest"
  },
  {
    "title": "SUA de Vest și Hawaii",
    "nights": 12,
    "date": "20.05",
    "price": 3960,
    "link": "https://www.jinfotours.ro/circuite/detalii/suadevest"
  },
  {
    "title": "SUA de Vest și Hawaii",
    "nights": 12,
    "date": "05.07",
    "price": 3960,
    "link": "https://www.jinfotours.ro/circuite/detalii/suadevest"
  },
  {
    "title": "SUA de Vest și Hawaii",
    "nights": 12,
    "date": "17.08",
    "price": 3960,
    "link": "https://www.jinfotours.ro/circuite/detalii/suadevest"
  },
  {
    "title": "SUA de Vest și Hawaii",
    "nights": 12,
    "date": "01.09",
    "price": 3960,
    "link": "https://www.jinfotours.ro/circuite/detalii/suadevest"
  },
  {
    "title": "SUA de Vest și Hawaii",
    "nights": 12,
    "date": "15.10",
    "price": 3960,
    "link": "https://www.jinfotours.ro/circuite/detalii/suadevest"
  },
  {
    "title": "SUA de Vest și Hawaii",
    "nights": 12,
    "date": "01.11",
    "price": 3960,
    "link": "https://www.jinfotours.ro/circuite/detalii/suadevest"
  },
  {
    "title": "SUA de Vest și Hawaii",
    "nights": 12,
    "date": "28.12",
    "price": 3960,
    "link": "https://www.jinfotours.ro/circuite/detalii/suadevest"
  },
  {
    "title": "SUA Calator pe Coasta de Est si Bahamas",
    "nights": 11,
    "date": "16.04",
    "price": 3925,
    "link": "https://www.jinfotours.ro/circuite/detalii/suadeest"
  },
  {
    "title": "SUA Calator pe Coasta de Est si Bahamas",
    "nights": 11,
    "date": "20.05",
    "price": 3925,
    "link": "https://www.jinfotours.ro/circuite/detalii/suadeest"
  },
  {
    "title": "SUA Calator pe Coasta de Est si Bahamas",
    "nights": 11,
    "date": "16.07",
    "price": 3925,
    "link": "https://www.jinfotours.ro/circuite/detalii/suadeest"
  },
  {
    "title": "SUA Calator pe Coasta de Est si Bahamas",
    "nights": 11,
    "date": "13.08",
    "price": 3925,
    "link": "https://www.jinfotours.ro/circuite/detalii/suadeest"
  },
  {
    "title": "SUA Calator pe Coasta de Est si Bahamas",
    "nights": 11,
    "date": "01.09",
    "price": 3925,
    "link": "https://www.jinfotours.ro/circuite/detalii/suadeest"
  },
  {
    "title": "New York – Marea metropolă a Americii",
    "nights": 6,
    "date": "19.02",
    "price": 1760,
    "link": "https://www.jinfotours.ro/circuite/detalii/newyork"
  },
  {
    "title": "New York – Marea metropolă a Americii",
    "nights": 6,
    "date": "16.04",
    "price": 1760,
    "link": "https://www.jinfotours.ro/circuite/detalii/newyork"
  },
  {
    "title": "New York – Marea metropolă a Americii",
    "nights": 6,
    "date": "20.05",
    "price": 1760,
    "link": "https://www.jinfotours.ro/circuite/detalii/newyork"
  },
  {
    "title": "New York – Marea metropolă a Americii",
    "nights": 6,
    "date": "16.07",
    "price": 1760,
    "link": "https://www.jinfotours.ro/circuite/detalii/newyork"
  },
  {
    "title": "New York – Marea metropolă a Americii",
    "nights": 6,
    "date": "13.08",
    "price": 1760,
    "link": "https://www.jinfotours.ro/circuite/detalii/newyork"
  },
  {
    "title": "New York – Marea metropolă a Americii",
    "nights": 6,
    "date": "01.09",
    "price": 1760,
    "link": "https://www.jinfotours.ro/circuite/detalii/newyork"
  },
  {
    "title": "New York – Marea metropolă a Americii",
    "nights": 6,
    "date": "14.09",
    "price": 1760,
    "link": "https://www.jinfotours.ro/circuite/detalii/newyork"
  },
  {
    "title": "New York – Marea metropolă a Americii",
    "nights": 6,
    "date": "25.10",
    "price": 1760,
    "link": "https://www.jinfotours.ro/circuite/detalii/newyork"
  },
  {
    "title": "New York – Marea metropolă a Americii",
    "nights": 6,
    "date": "26.10",
    "price": 1760,
    "link": "https://www.jinfotours.ro/circuite/detalii/newyork"
  },
  {
    "title": "New York – Marea metropolă a Americii",
    "nights": 6,
    "date": "01.11",
    "price": 1760,
    "link": "https://www.jinfotours.ro/circuite/detalii/newyork"
  },
  {
    "title": "Mexic - Lumea Maya & sejur în Cancun",
    "nights": 9,
    "date": "03.02",
    "price": 2950,
    "link": "https://www.jinfotours.ro/circuite/detalii/mexic-cancun"
  },
  {
    "title": "Mexic - Lumea Maya & sejur în Cancun",
    "nights": 9,
    "date": "31.03",
    "price": 2950,
    "link": "https://www.jinfotours.ro/circuite/detalii/mexic-cancun"
  },
  {
    "title": "Mexic - Lumea Maya & sejur în Cancun",
    "nights": 9,
    "date": "16.04",
    "price": 2950,
    "link": "https://www.jinfotours.ro/circuite/detalii/mexic-cancun"
  },
  {
    "title": "Mexic - Lumea Maya & sejur în Cancun",
    "nights": 9,
    "date": "01.08",
    "price": 2950,
    "link": "https://www.jinfotours.ro/circuite/detalii/mexic-cancun"
  },
  {
    "title": "Mexic - Lumea Maya & sejur în Cancun",
    "nights": 9,
    "date": "01.09",
    "price": 2950,
    "link": "https://www.jinfotours.ro/circuite/detalii/mexic-cancun"
  },
  {
    "title": "Mexic - Lumea Maya & sejur în Cancun",
    "nights": 9,
    "date": "15.10",
    "price": 2950,
    "link": "https://www.jinfotours.ro/circuite/detalii/mexic-cancun"
  },
  {
    "title": "Mexic - Lumea Maya & sejur în Cancun",
    "nights": 9,
    "date": "28.12",
    "price": 2950,
    "link": "https://www.jinfotours.ro/circuite/detalii/mexic-cancun"
  },
  {
    "title": "Mexic - Cuba",
    "nights": 16,
    "date": "05.02",
    "price": 3850,
    "link": "https://www.jinfotours.ro/circuite/detalii/cubamexic"
  },
  {
    "title": "Mexic - Cuba",
    "nights": 16,
    "date": "28.03",
    "price": 3850,
    "link": "https://www.jinfotours.ro/circuite/detalii/cubamexic"
  },
  {
    "title": "Mexic - Cuba",
    "nights": 16,
    "date": "16.04",
    "price": 3850,
    "link": "https://www.jinfotours.ro/circuite/detalii/cubamexic"
  },
  {
    "title": "Mexic - Cuba",
    "nights": 16,
    "date": "04.08",
    "price": 3850,
    "link": "https://www.jinfotours.ro/circuite/detalii/cubamexic"
  },
  {
    "title": "Mexic - Cuba",
    "nights": 16,
    "date": "05.09",
    "price": 3850,
    "link": "https://www.jinfotours.ro/circuite/detalii/cubamexic"
  },
  {
    "title": "Mexic - Cuba",
    "nights": 16,
    "date": "05.10",
    "price": 3850,
    "link": "https://www.jinfotours.ro/circuite/detalii/cubamexic"
  },
  {
    "title": "Mexic - Cuba",
    "nights": 16,
    "date": "10.11",
    "price": 3850,
    "link": "https://www.jinfotours.ro/circuite/detalii/cubamexic"
  },
  {
    "title": "Mexic - Cuba",
    "nights": 16,
    "date": "26.12",
    "price": 3850,
    "link": "https://www.jinfotours.ro/circuite/detalii/cubamexic"
  },
  {
    "title": "Mexic – Belize - Guatemala",
    "nights": 18,
    "date": "03.02",
    "price": 4280,
    "link": "https://www.jinfotours.ro/circuite/detalii/mezicbelizeguatemala"
  },
  {
    "title": "Mexic – Belize - Guatemala",
    "nights": 18,
    "date": "31.03",
    "price": 4280,
    "link": "https://www.jinfotours.ro/circuite/detalii/mezicbelizeguatemala"
  },
  {
    "title": "Mexic – Belize - Guatemala",
    "nights": 18,
    "date": "16.04",
    "price": 4280,
    "link": "https://www.jinfotours.ro/circuite/detalii/mezicbelizeguatemala"
  },
  {
    "title": "Mexic – Belize - Guatemala",
    "nights": 18,
    "date": "01.08",
    "price": 4280,
    "link": "https://www.jinfotours.ro/circuite/detalii/mezicbelizeguatemala"
  },
  {
    "title": "Mexic – Belize - Guatemala",
    "nights": 18,
    "date": "01.09",
    "price": 4280,
    "link": "https://www.jinfotours.ro/circuite/detalii/mezicbelizeguatemala"
  },
  {
    "title": "Mexic – Belize - Guatemala",
    "nights": 18,
    "date": "15.10",
    "price": 4280,
    "link": "https://www.jinfotours.ro/circuite/detalii/mezicbelizeguatemala"
  },
  {
    "title": "Mexic – Belize - Guatemala",
    "nights": 18,
    "date": "28.12",
    "price": 4280,
    "link": "https://www.jinfotours.ro/circuite/detalii/mezicbelizeguatemala"
  },
  {
    "title": "Marele tur al Canadei & Cascada Niagara",
    "nights": 11,
    "date": "30.04",
    "price": 4400,
    "link": "https://www.jinfotours.ro/circuite/detalii/canadaalaska"
  },
  {
    "title": "Marele tur al Canadei & Cascada Niagara",
    "nights": 11,
    "date": "05.07",
    "price": 4400,
    "link": "https://www.jinfotours.ro/circuite/detalii/canadaalaska"
  },
  {
    "title": "Marele tur al Canadei & Cascada Niagara",
    "nights": 11,
    "date": "03.08",
    "price": 4400,
    "link": "https://www.jinfotours.ro/circuite/detalii/canadaalaska"
  },
  {
    "title": "Marele tur al Canadei & Cascada Niagara",
    "nights": 11,
    "date": "05.10",
    "price": 4400,
    "link": "https://www.jinfotours.ro/circuite/detalii/canadaalaska"
  },
  {
    "title": "Expediție în America de Sud",
    "nights": 16,
    "date": "02.01",
    "price": 4250,
    "link": "https://www.jinfotours.ro/circuite/detalii/expeditieamericadesud"
  },
  {
    "title": "Expediție în America de Sud",
    "nights": 16,
    "date": "31.03",
    "price": 4250,
    "link": "https://www.jinfotours.ro/circuite/detalii/expeditieamericadesud"
  },
  {
    "title": "Expediție în America de Sud",
    "nights": 16,
    "date": "16.04",
    "price": 4250,
    "link": "https://www.jinfotours.ro/circuite/detalii/expeditieamericadesud"
  },
  {
    "title": "Expediție în America de Sud",
    "nights": 16,
    "date": "01.08",
    "price": 4250,
    "link": "https://www.jinfotours.ro/circuite/detalii/expeditieamericadesud"
  },
  {
    "title": "Expediție în America de Sud",
    "nights": 16,
    "date": "15.09",
    "price": 4250,
    "link": "https://www.jinfotours.ro/circuite/detalii/expeditieamericadesud"
  },
  {
    "title": "Expediție în America de Sud",
    "nights": 16,
    "date": "25.10",
    "price": 4250,
    "link": "https://www.jinfotours.ro/circuite/detalii/expeditieamericadesud"
  },
  {
    "title": "Expediție în America de Sud",
    "nights": 16,
    "date": "15.11",
    "price": 4250,
    "link": "https://www.jinfotours.ro/circuite/detalii/expeditieamericadesud"
  },
  {
    "title": "Expediție în America de Sud",
    "nights": 16,
    "date": "29.12",
    "price": 4250,
    "link": "https://www.jinfotours.ro/circuite/detalii/expeditieamericadesud"
  },
  {
    "title": "Ecuador și Galapagos – Experiență în Jungla Amazonului",
    "nights": 9,
    "date": "31.03",
    "price": 2460,
    "link": "https://www.jinfotours.ro/circuite/detalii/ecuador-galapagos"
  },
  {
    "title": "Ecuador și Galapagos – Experiență în Jungla Amazonului",
    "nights": 9,
    "date": "16.04",
    "price": 2460,
    "link": "https://www.jinfotours.ro/circuite/detalii/ecuador-galapagos"
  },
  {
    "title": "Ecuador și Galapagos – Experiență în Jungla Amazonului",
    "nights": 9,
    "date": "01.08",
    "price": 2460,
    "link": "https://www.jinfotours.ro/circuite/detalii/ecuador-galapagos"
  },
  {
    "title": "Ecuador și Galapagos – Experiență în Jungla Amazonului",
    "nights": 9,
    "date": "01.10",
    "price": 2460,
    "link": "https://www.jinfotours.ro/circuite/detalii/ecuador-galapagos"
  },
  {
    "title": "Ecuador și Galapagos – Experiență în Jungla Amazonului",
    "nights": 9,
    "date": "01.11",
    "price": 2460,
    "link": "https://www.jinfotours.ro/circuite/detalii/ecuador-galapagos"
  },
  {
    "title": "Ecuador și Galapagos – Experiență în Jungla Amazonului",
    "nights": 9,
    "date": "29.12",
    "price": 2460,
    "link": "https://www.jinfotours.ro/circuite/detalii/ecuador-galapagos"
  },
  {
    "title": "Columbia - Canalul Panama - Ecuador - Galapagos",
    "nights": 16,
    "date": "10.02",
    "price": 4695,
    "link": "https://www.jinfotours.ro/circuite/detalii/galapagos"
  },
  {
    "title": "Columbia - Canalul Panama - Ecuador - Galapagos",
    "nights": 16,
    "date": "29.03",
    "price": 4695,
    "link": "https://www.jinfotours.ro/circuite/detalii/galapagos"
  },
  {
    "title": "Columbia - Canalul Panama - Ecuador - Galapagos",
    "nights": 16,
    "date": "04.04",
    "price": 4695,
    "link": "https://www.jinfotours.ro/circuite/detalii/galapagos"
  },
  {
    "title": "Columbia - Canalul Panama - Ecuador - Galapagos",
    "nights": 16,
    "date": "27.06",
    "price": 4695,
    "link": "https://www.jinfotours.ro/circuite/detalii/galapagos"
  },
  {
    "title": "Columbia - Canalul Panama - Ecuador - Galapagos",
    "nights": 16,
    "date": "10.09",
    "price": 4695,
    "link": "https://www.jinfotours.ro/circuite/detalii/galapagos"
  },
  {
    "title": "Columbia - Canalul Panama - Ecuador - Galapagos",
    "nights": 16,
    "date": "01.10",
    "price": 4695,
    "link": "https://www.jinfotours.ro/circuite/detalii/galapagos"
  },
  {
    "title": "Columbia - Canalul Panama - Ecuador - Galapagos",
    "nights": 16,
    "date": "25.10",
    "price": 4695,
    "link": "https://www.jinfotours.ro/circuite/detalii/galapagos"
  },
  {
    "title": "Columbia - Canalul Panama - Ecuador - Galapagos",
    "nights": 16,
    "date": "01.11",
    "price": 4695,
    "link": "https://www.jinfotours.ro/circuite/detalii/galapagos"
  },
  {
    "title": "Columbia - Canalul Panama - Ecuador - Galapagos",
    "nights": 16,
    "date": "29.12",
    "price": 4695,
    "link": "https://www.jinfotours.ro/circuite/detalii/galapagos"
  },
  {
    "title": "Columbia - Panama",
    "nights": 17,
    "date": "29.03",
    "price": 4800,
    "link": "https://www.jinfotours.ro/circuite/detalii/columbiapanama"
  },
  {
    "title": "Columbia - Panama",
    "nights": 17,
    "date": "04.04",
    "price": 4800,
    "link": "https://www.jinfotours.ro/circuite/detalii/columbiapanama"
  },
  {
    "title": "Columbia - Panama",
    "nights": 17,
    "date": "27.06",
    "price": 4800,
    "link": "https://www.jinfotours.ro/circuite/detalii/columbiapanama"
  },
  {
    "title": "Columbia - Panama",
    "nights": 17,
    "date": "10.09",
    "price": 4800,
    "link": "https://www.jinfotours.ro/circuite/detalii/columbiapanama"
  },
  {
    "title": "Columbia - Panama",
    "nights": 17,
    "date": "01.10",
    "price": 4800,
    "link": "https://www.jinfotours.ro/circuite/detalii/columbiapanama"
  },
  {
    "title": "Columbia - Panama",
    "nights": 17,
    "date": "01.11",
    "price": 4800,
    "link": "https://www.jinfotours.ro/circuite/detalii/columbiapanama"
  },
  {
    "title": "Chile și Insula Paștelui",
    "nights": 8,
    "date": "16.04",
    "price": 2980,
    "link": "https://www.jinfotours.ro/circuite/detalii/santiagodechileinsulapastelui"
  },
  {
    "title": "Chile și Insula Paștelui",
    "nights": 8,
    "date": "01.10",
    "price": 2980,
    "link": "https://www.jinfotours.ro/circuite/detalii/santiagodechileinsulapastelui"
  },
  {
    "title": "Chile și Insula Paștelui",
    "nights": 8,
    "date": "29.09",
    "price": 2980,
    "link": "https://www.jinfotours.ro/circuite/detalii/santiagodechileinsulapastelui"
  },
  {
    "title": "Chile și Insula Paștelui",
    "nights": 8,
    "date": "28.12",
    "price": 2980,
    "link": "https://www.jinfotours.ro/circuite/detalii/santiagodechileinsulapastelui"
  },
  {
    "title": "Canada - Țara siropului de arțar",
    "nights": 8,
    "date": "05.07",
    "price": 3290,
    "link": "https://www.jinfotours.ro/circuite/detalii/canada-artar"
  },
  {
    "title": "Canada - Țara siropului de arțar",
    "nights": 8,
    "date": "03.08",
    "price": 3290,
    "link": "https://www.jinfotours.ro/circuite/detalii/canada-artar"
  },
  {
    "title": "Canada - Țara siropului de arțar",
    "nights": 8,
    "date": "05.10",
    "price": 3290,
    "link": "https://www.jinfotours.ro/circuite/detalii/canada-artar"
  },
  {
    "title": "Brazilia - Rio de Janeiro si Amazon",
    "nights": 9,
    "date": "12.02",
    "price": 3260,
    "link": "https://www.jinfotours.ro/circuite/detalii/brazilia-riodejaneiro-amazon"
  },
  {
    "title": "Brazilia - Rio de Janeiro si Amazon",
    "nights": 9,
    "date": "28.04",
    "price": 3260,
    "link": "https://www.jinfotours.ro/circuite/detalii/brazilia-riodejaneiro-amazon"
  },
  {
    "title": "Brazilia - Rio de Janeiro si Amazon",
    "nights": 9,
    "date": "22.06",
    "price": 3260,
    "link": "https://www.jinfotours.ro/circuite/detalii/brazilia-riodejaneiro-amazon"
  },
  {
    "title": "Brazilia - Rio de Janeiro si Amazon",
    "nights": 9,
    "date": "16.07",
    "price": 3260,
    "link": "https://www.jinfotours.ro/circuite/detalii/brazilia-riodejaneiro-amazon"
  },
  {
    "title": "Brazilia - Rio de Janeiro si Amazon",
    "nights": 9,
    "date": "05.08",
    "price": 3260,
    "link": "https://www.jinfotours.ro/circuite/detalii/brazilia-riodejaneiro-amazon"
  },
  {
    "title": "Brazilia - Rio de Janeiro si Amazon",
    "nights": 9,
    "date": "01.09",
    "price": 3260,
    "link": "https://www.jinfotours.ro/circuite/detalii/brazilia-riodejaneiro-amazon"
  },
  {
    "title": "Brazilia - Rio de Janeiro si Amazon",
    "nights": 9,
    "date": "25.10",
    "price": 3260,
    "link": "https://www.jinfotours.ro/circuite/detalii/brazilia-riodejaneiro-amazon"
  },
  {
    "title": "Brazilia - Rio de Janeiro si Amazon",
    "nights": 9,
    "date": "01.11",
    "price": 3260,
    "link": "https://www.jinfotours.ro/circuite/detalii/brazilia-riodejaneiro-amazon"
  },
  {
    "title": "Alaska – Tărâmul îngheţat",
    "nights": 9,
    "date": "07.07",
    "price": 5650,
    "link": "https://www.jinfotours.ro/circuite/detalii/alaska"
  },
  {
    "title": "Alaska – Tărâmul îngheţat",
    "nights": 9,
    "date": "21.07",
    "price": 5650,
    "link": "https://www.jinfotours.ro/circuite/detalii/alaska"
  },
  {
    "title": "Safari în KENYA – Sejur în Mombasa",
    "nights": 9,
    "date": "03.02",
    "price": 2889,
    "link": "https://www.jinfotours.ro/circuite/detalii/safarikenyamombasa"
  },
  {
    "title": "Safari în KENYA – Sejur în Mombasa",
    "nights": 9,
    "date": "31.03",
    "price": 2889,
    "link": "https://www.jinfotours.ro/circuite/detalii/safarikenyamombasa"
  },
  {
    "title": "Safari în KENYA – Sejur în Mombasa",
    "nights": 9,
    "date": "16.04",
    "price": 2889,
    "link": "https://www.jinfotours.ro/circuite/detalii/safarikenyamombasa"
  },
  {
    "title": "Safari în KENYA – Sejur în Mombasa",
    "nights": 9,
    "date": "10.10",
    "price": 2889,
    "link": "https://www.jinfotours.ro/circuite/detalii/safarikenyamombasa"
  },
  {
    "title": "Safari în KENYA – Sejur în Mombasa",
    "nights": 9,
    "date": "11.11",
    "price": 2889,
    "link": "https://www.jinfotours.ro/circuite/detalii/safarikenyamombasa"
  },
  {
    "title": "Safari în KENYA – Sejur în Mombasa",
    "nights": 9,
    "date": "27.12",
    "price": 2889,
    "link": "https://www.jinfotours.ro/circuite/detalii/safarikenyamombasa"
  },
  {
    "title": "Namibia",
    "nights": 7,
    "date": "12.04",
    "price": 2990,
    "link": "https://www.jinfotours.ro/circuite/detalii/namibia"
  },
  {
    "title": "Namibia",
    "nights": 7,
    "date": "15.05",
    "price": 2990,
    "link": "https://www.jinfotours.ro/circuite/detalii/namibia"
  },
  {
    "title": "Namibia",
    "nights": 7,
    "date": "15.06",
    "price": 2990,
    "link": "https://www.jinfotours.ro/circuite/detalii/namibia"
  },
  {
    "title": "Namibia",
    "nights": 7,
    "date": "20.09",
    "price": 2990,
    "link": "https://www.jinfotours.ro/circuite/detalii/namibia"
  },
  {
    "title": "Namibia",
    "nights": 7,
    "date": "10.10",
    "price": 2990,
    "link": "https://www.jinfotours.ro/circuite/detalii/namibia"
  },
  {
    "title": "Namibia",
    "nights": 7,
    "date": "10.11",
    "price": 2990,
    "link": "https://www.jinfotours.ro/circuite/detalii/namibia"
  },
  {
    "title": "Namibia-Botswana-Zimbabue",
    "nights": 11,
    "date": "27.04",
    "price": 3590,
    "link": "https://www.jinfotours.ro/circuite/detalii/namibia-botswana-zimbabue"
  },
  {
    "title": "Namibia-Botswana-Zimbabue",
    "nights": 11,
    "date": "01.10",
    "price": 3590,
    "link": "https://www.jinfotours.ro/circuite/detalii/namibia-botswana-zimbabue"
  },
  {
    "title": "Namibia-Botswana-Zimbabue",
    "nights": 11,
    "date": "28.11",
    "price": 3590,
    "link": "https://www.jinfotours.ro/circuite/detalii/namibia-botswana-zimbabue"
  },
  {
    "title": "Maroc - Între deșert și mare",
    "nights": 8,
    "date": "31.03",
    "price": 1330,
    "link": "https://www.jinfotours.ro/circuite/detalii/maroc"
  },
  {
    "title": "Maroc - Între deșert și mare",
    "nights": 8,
    "date": "28.04",
    "price": 1330,
    "link": "https://www.jinfotours.ro/circuite/detalii/maroc"
  },
  {
    "title": "Maroc - Între deșert și mare",
    "nights": 8,
    "date": "19.06",
    "price": 1330,
    "link": "https://www.jinfotours.ro/circuite/detalii/maroc"
  },
  {
    "title": "Maroc - Între deșert și mare",
    "nights": 8,
    "date": "05.09",
    "price": 1330,
    "link": "https://www.jinfotours.ro/circuite/detalii/maroc"
  },
  {
    "title": "Maroc - Între deșert și mare",
    "nights": 8,
    "date": "24.10",
    "price": 1330,
    "link": "https://www.jinfotours.ro/circuite/detalii/maroc"
  },
  {
    "title": "Madagascar 'Mora Mora' & Mauritius",
    "nights": 15,
    "date": "03.02",
    "price": 4100,
    "link": "https://www.jinfotours.ro/circuite/detalii/madagascarmauritius"
  },
  {
    "title": "Madagascar 'Mora Mora' & Mauritius",
    "nights": 15,
    "date": "31.03",
    "price": 4100,
    "link": "https://www.jinfotours.ro/circuite/detalii/madagascarmauritius"
  },
  {
    "title": "Madagascar 'Mora Mora' & Mauritius",
    "nights": 15,
    "date": "16.04",
    "price": 4100,
    "link": "https://www.jinfotours.ro/circuite/detalii/madagascarmauritius"
  },
  {
    "title": "Madagascar 'Mora Mora' & Mauritius",
    "nights": 15,
    "date": "10.10",
    "price": 4100,
    "link": "https://www.jinfotours.ro/circuite/detalii/madagascarmauritius"
  },
  {
    "title": "Madagascar 'Mora Mora' & Mauritius",
    "nights": 15,
    "date": "27.11",
    "price": 4100,
    "link": "https://www.jinfotours.ro/circuite/detalii/madagascarmauritius"
  },
  {
    "title": "Madagascar 'Mora Mora' & Mauritius",
    "nights": 15,
    "date": "28.12",
    "price": 4100,
    "link": "https://www.jinfotours.ro/circuite/detalii/madagascarmauritius"
  },
  {
    "title": "Etiopia - Mix intre istorie si legenda",
    "nights": 15,
    "date": "11.01",
    "price": 3750,
    "link": "https://www.jinfotours.ro/circuite/detalii/circuit-etiopia"
  },
  {
    "title": "Etiopia - Mix intre istorie si legenda",
    "nights": 15,
    "date": "31.03",
    "price": 3750,
    "link": "https://www.jinfotours.ro/circuite/detalii/circuit-etiopia"
  },
  {
    "title": "Etiopia - Mix intre istorie si legenda",
    "nights": 15,
    "date": "10.04",
    "price": 3750,
    "link": "https://www.jinfotours.ro/circuite/detalii/circuit-etiopia"
  },
  {
    "title": "Etiopia - Mix intre istorie si legenda",
    "nights": 15,
    "date": "16.05",
    "price": 3750,
    "link": "https://www.jinfotours.ro/circuite/detalii/circuit-etiopia"
  },
  {
    "title": "Etiopia - Mix intre istorie si legenda",
    "nights": 15,
    "date": "27.07",
    "price": 3750,
    "link": "https://www.jinfotours.ro/circuite/detalii/circuit-etiopia"
  },
  {
    "title": "Etiopia - Mix intre istorie si legenda",
    "nights": 15,
    "date": "01.10",
    "price": 3750,
    "link": "https://www.jinfotours.ro/circuite/detalii/circuit-etiopia"
  },
  {
    "title": "Etiopia - Mix intre istorie si legenda",
    "nights": 15,
    "date": "28.11",
    "price": 3750,
    "link": "https://www.jinfotours.ro/circuite/detalii/circuit-etiopia"
  },
  {
    "title": "Croazieră pe Nil în Ţara Faraonilor",
    "nights": 10,
    "date": "25.02",
    "price": 998,
    "link": "https://www.jinfotours.ro/circuite/detalii/croaziera-pe-nil"
  },
  {
    "title": "Croazieră pe Nil în Ţara Faraonilor",
    "nights": 10,
    "date": "31.03",
    "price": 998,
    "link": "https://www.jinfotours.ro/circuite/detalii/croaziera-pe-nil"
  },
  {
    "title": "Croazieră pe Nil în Ţara Faraonilor",
    "nights": 10,
    "date": "24.04",
    "price": 998,
    "link": "https://www.jinfotours.ro/circuite/detalii/croaziera-pe-nil"
  },
  {
    "title": "Croazieră pe Nil în Ţara Faraonilor",
    "nights": 10,
    "date": "01.09",
    "price": 998,
    "link": "https://www.jinfotours.ro/circuite/detalii/croaziera-pe-nil"
  },
  {
    "title": "Croazieră pe Nil în Ţara Faraonilor",
    "nights": 10,
    "date": "30.09",
    "price": 998,
    "link": "https://www.jinfotours.ro/circuite/detalii/croaziera-pe-nil"
  },
  {
    "title": "Croazieră pe Nil în Ţara Faraonilor",
    "nights": 10,
    "date": "01.10",
    "price": 998,
    "link": "https://www.jinfotours.ro/circuite/detalii/croaziera-pe-nil"
  },
  {
    "title": "Croazieră pe Nil în Ţara Faraonilor",
    "nights": 10,
    "date": "27.10",
    "price": 998,
    "link": "https://www.jinfotours.ro/circuite/detalii/croaziera-pe-nil"
  },
  {
    "title": "Croazieră pe Nil în Ţara Faraonilor",
    "nights": 10,
    "date": "26.11",
    "price": 998,
    "link": "https://www.jinfotours.ro/circuite/detalii/croaziera-pe-nil"
  },
  {
    "title": "Croazieră pe Nil în Ţara Faraonilor",
    "nights": 10,
    "date": "28.12",
    "price": 998,
    "link": "https://www.jinfotours.ro/circuite/detalii/croaziera-pe-nil"
  },
  {
    "title": "Aventură în Africa de Sud și Zambia",
    "nights": 7,
    "date": "15.01",
    "price": 2950,
    "link": "https://www.jinfotours.ro/circuite/detalii/africa-zambia"
  },
  {
    "title": "Aventură în Africa de Sud și Zambia",
    "nights": 7,
    "date": "31.03",
    "price": 2950,
    "link": "https://www.jinfotours.ro/circuite/detalii/africa-zambia"
  },
  {
    "title": "Aventură în Africa de Sud și Zambia",
    "nights": 7,
    "date": "16.04",
    "price": 2950,
    "link": "https://www.jinfotours.ro/circuite/detalii/africa-zambia"
  },
  {
    "title": "Aventură în Africa de Sud și Zambia",
    "nights": 7,
    "date": "19.09",
    "price": 2950,
    "link": "https://www.jinfotours.ro/circuite/detalii/africa-zambia"
  },
  {
    "title": "Aventură în Africa de Sud și Zambia",
    "nights": 7,
    "date": "19.10",
    "price": 2950,
    "link": "https://www.jinfotours.ro/circuite/detalii/africa-zambia"
  },
  {
    "title": "Aventură în Africa de Sud și Zambia",
    "nights": 7,
    "date": "25.11",
    "price": 2950,
    "link": "https://www.jinfotours.ro/circuite/detalii/africa-zambia"
  },
  {
    "title": "Aventură în Africa de Sud și Zambia",
    "nights": 7,
    "date": "29.12",
    "price": 2950,
    "link": "https://www.jinfotours.ro/circuite/detalii/africa-zambia"
  },
  {
    "title": "Algeria - Tunisia",
    "nights": 13,
    "date": "01.03",
    "price": 2950,
    "link": "https://www.jinfotours.ro/circuite/detalii/algeria-tunisia"
  },
  {
    "title": "Algeria - Tunisia",
    "nights": 13,
    "date": "28.04",
    "price": 2950,
    "link": "https://www.jinfotours.ro/circuite/detalii/algeria-tunisia"
  },
  {
    "title": "Algeria - Tunisia",
    "nights": 13,
    "date": "28.09",
    "price": 2950,
    "link": "https://www.jinfotours.ro/circuite/detalii/algeria-tunisia"
  },
  {
    "title": "Algeria - Tunisia",
    "nights": 13,
    "date": "29.11",
    "price": 2950,
    "link": "https://www.jinfotours.ro/circuite/detalii/algeria-tunisia"
  },
  {
    "title": "Zanzibar – Insula Mirodeniilor",
    "nights": 10,
    "date": "03.02",
    "price": 1690,
    "link": "https://www.jinfotours.ro/circuite/detalii/circuit-zanzibar-mirodenii"
  },
  {
    "title": "Zanzibar – Insula Mirodeniilor",
    "nights": 10,
    "date": "31.03",
    "price": 1690,
    "link": "https://www.jinfotours.ro/circuite/detalii/circuit-zanzibar-mirodenii"
  },
  {
    "title": "Zanzibar – Insula Mirodeniilor",
    "nights": 10,
    "date": "16.04",
    "price": 1690,
    "link": "https://www.jinfotours.ro/circuite/detalii/circuit-zanzibar-mirodenii"
  },
  {
    "title": "Zanzibar – Insula Mirodeniilor",
    "nights": 10,
    "date": "10.10",
    "price": 1690,
    "link": "https://www.jinfotours.ro/circuite/detalii/circuit-zanzibar-mirodenii"
  },
  {
    "title": "Zanzibar – Insula Mirodeniilor",
    "nights": 10,
    "date": "11.11",
    "price": 1690,
    "link": "https://www.jinfotours.ro/circuite/detalii/circuit-zanzibar-mirodenii"
  },
  {
    "title": "Zanzibar – Insula Mirodeniilor",
    "nights": 10,
    "date": "27.12",
    "price": 1690,
    "link": "https://www.jinfotours.ro/circuite/detalii/circuit-zanzibar-mirodenii"
  },
  {
    "title": "Tanzania - Zanzibar",
    "nights": 12,
    "date": "31.01",
    "price": 3960,
    "link": "https://www.jinfotours.ro/circuite/detalii/tanzania-zanzibar"
  },
  {
    "title": "Tanzania - Zanzibar",
    "nights": 12,
    "date": "21.07",
    "price": 3960,
    "link": "https://www.jinfotours.ro/circuite/detalii/tanzania-zanzibar"
  },
  {
    "title": "Tanzania - Zanzibar",
    "nights": 12,
    "date": "27.11",
    "price": 3960,
    "link": "https://www.jinfotours.ro/circuite/detalii/tanzania-zanzibar"
  },
  {
    "title": "Tanzania - Zanzibar",
    "nights": 12,
    "date": "26.12",
    "price": 3960,
    "link": "https://www.jinfotours.ro/circuite/detalii/tanzania-zanzibar"
  }
]